18,158.75,5.644,2,158.82,-2.00,143966,2.044,-5.257,-0.196,
18,158.93,5.660,2,159.00,-2.00,143966,2.034,-5.278,-0.197,
18,159.11,5.652,2,159.18,-2.00,143966,2.014,-5.277,-0.197,
18,159.29,5.680,3,159.36,-2.00,144166,2.007,-5.310,-0.198,
18,159.47,5.656,2,159.54,-2.00,144166,1.982,-5.294,-0.197,
18,159.65,5.676,2,159.72,-2.00,144166,1.973,-5.319,-0.198,
18,159.83,5.688,3,159.90,-2.00,144166,1.960,-5.336,-0.198,
18,160.01,5.708,2,160.08,-2.00,144366,1.950,-5.361,-0.199,
18,160.19,5.684,2,160.26,-2.00,144366,1.925,-5.344,-0.198,
18,160.37,5.704,3,160.44,-2.00,144366,1.915,-5.369,-0.199,
18,160.55,5.712,2,160.62,-2.00,144366,1.901,-5.383,-0.199,
18,160.73,6.936,1,160.80,-2.00,144566,2.288,-6.543,-0.241,
18,160.73,5.712,2,160.80,-2.00,144566,1.884,-5.389,-0.199,
17,160.74,6.928,41,160.80,-1.00,144566,2.285,-6.539,-0.121,
17,160.74,6.928,41,160.80,-1.00,144566,2.285,-6.539,-0.121,
20,160.90,6.944,0,160.98,-3.99,144566,2.268,-6.545,-0.483,
19,160.91,6.952,0,160.98,-2.99,144566,2.272,-6.560,-0.363,
18,160.91,6.920,1,160.98,-2.00,144566,2.262,-6.535,-0.241,
18,160.91,5.696,3,160.98,-2.00,144566,1.862,-5.379,-0.198,
17,160.92,6.908,64,160.98,-1.00,144566,2.258,-6.528,-0.121,
17,160.92,6.908,64,160.98,-1.00,144566,2.258,-6.528,-0.121,
16,160.93,6.924,67,160.98,-0.01,144566,2.263,-6.544,-0.001,
16,160.93,6.924,67,160.98,-0.01,144566,2.263,-6.544,-0.001,
20,161.08,6.940,0,161.16,-3.99,144566,2.246,-6.549,-0.483,
19,161.09,6.932,0,161.16,-2.99,144566,2.245,-6.549,-0.362,
18,161.09,6.908,2,161.16,-2.00,144566,2.237,-6.531,-0.240,
18,161.09,5.684,3,161.16,-2.00,144566,1.841,-5.374,-0.198,
17,161.10,6.892,70,161.16,-1.00,144566,2.232,-6.519,-0.120,
17,161.10,6.892,70,161.16,-1.00,144566,2.232,-6.519,-0.120,
16,161.11,6.904,99,161.16,-0.01,144566,2.236,-6.532,-0.001,
16,161.11,6.904,99,161.16,-0.01,144566,2.236,-6.532,-0.001,
15,161.11,6.936,56,161.16,0.98,144566,2.245,-6.561,0.119,
20,161.26,6.940,0,161.34,-3.99,144566,2.225,-6.556,-0.483,
19,161.27,6.920,0,161.34,-2.99,144566,2.220,-6.544,-0.361,
18,161.27,6.912,3,161.34,-2.00,144566,2.218,-6.542,-0.241,
18,161.27,5.696,2,161.34,-2.00,144566,1.828,-5.391,-0.198,
17,161.28,6.892,71,161.34,-1.00,144566,2.212,-6.526,-0.120,
17,161.28,6.892,71,161.34,-1.00,144566,2.212,-6.526,-0.120,
16,161.29,6.900,104,161.34,-0.01,144566,2.215,-6.535,-0.001,
16,161.29,6.900,104,161.34,-0.01,144566,2.215,-6.535,-0.001,
15,161.29,6.936,64,161.34,0.98,144566,2.225,-6.568,0.119,
20,161.44,6.952,0,161.52,-3.99,144766,2.209,-6.574,-0.483,
19,161.45,6.952,0,161.52,-2.99,144766,2.210,-6.581,-0.363,
18,161.45,6.916,2,161.52,-2.00,144766,2.199,-6.553,-0.241,
18,161.45,5.704,2,161.52,-2.00,144766,1.814,-5.404,-0.199,
17,161.46,6.896,67,161.52,-1.00,144766,2.192,-6.537,-0.120,
17,161.46,6.896,67,161.52,-1.00,144766,2.192,-6.537,-0.120,
16,161.47,6.916,81,161.52,-0.01,144766,2.199,-6.557,-0.001,
16,161.47,6.916,81,161.52,-0.01,144766,2.199,-6.557,-0.001,
15,161.47,6.928,0,161.52,0.98,144766,2.201,-6.568,0.119,
18,161.63,6.936,0,161.70,-2.00,144766,2.185,-6.579,-0.241,
18,161.63,5.716,2,161.70,-2.00,144766,1.800,-5.421,-0.199,
17,161.64,6.920,52,161.70,-1.00,144766,2.179,-6.567,-0.121,
17,161.64,6.920,52,161.70,-1.00,144766,2.179,-6.567,-0.121,
16,161.65,6.920,0,161.70,-0.01,144766,2.180,-6.568,-0.001,
15,161.65,6.936,0,161.70,0.98,144766,2.183,-6.582,0.119,
18,161.81,5.700,2,161.88,-2.00,144766,1.778,-5.412,-0.198,
17,161.82,6.924,0,161.88,-1.00,144766,2.160,-6.577,-0.121,
16,161.83,6.924,0,161.88,-0.01,144766,2.160,-6.578,-0.001,
18,161.99,5.708,2,162.06,-2.00,144766,1.764,-5.425,-0.199,
18,162.17,5.692,3,162.24,-2.00,144966,1.742,-5.415,-0.198,
18,162.35,5.688,2,162.42,-2.00,144966,1.724,-5.417,-0.198,
18,162.53,5.708,2,162.60,-2.00,144966,1.713,-5.441,-0.199,
18,162.71,5.712,2,162.78,-2.00,144966,1.697,-5.451,-0.199,
18,162.89,5.716,3,162.96,-2.00,145167,1.681,-5.460,-0.199,
18,163.07,5.736,3,163.14,-2.00,145167,1.669,-5.484,-0.200,
18,163.25,5.736,2,163.32,-2.00,145167,1.652,-5.489,-0.200,
18,163.43,5.716,1,163.50,-2.00,145167,1.629,-5.475,-0.199,
18,163.61,5.752,4,163.68,-2.00,145367,1.622,-5.515,-0.200,
18,163.79,5.764,3,163.86,-2.00,145367,1.608,-5.531,-0.201,
18,163.97,5.768,3,164.04,-2.00,145367,1.592,-5.540,-0.201,
18,164.15,5.740,3,164.22,-2.00,145367,1.567,-5.518,-0.200,
18,164.15,5.740,3,164.22,-2.00,145367,1.567,-5.518,-0.200,
18,164.33,5.760,2,164.40,-2.00,145567,1.555,-5.543,-0.201,
18,164.51,5.784,3,164.58,-2.00,145567,1.544,-5.571,-0.201,
18,164.69,5.788,3,164.76,-2.00,145567,1.527,-5.579,-0.201,
18,164.87,5.792,2,164.94,-2.00,145567,1.511,-5.588,-0.202,
18,165.05,5.808,2,165.12,-2.00,145767,1.497,-5.608,-0.202,
18,165.23,5.812,2,165.30,-2.00,145767,1.481,-5.617,-0.202,
18,165.41,5.804,1,165.48,-2.00,145767,1.461,-5.613,-0.202,
18,165.59,5.804,1,165.66,-2.00,145767,1.444,-5.618,-0.202,
18,165.77,5.828,2,165.84,-2.00,145967,1.432,-5.646,-0.203,
18,165.95,5.848,2,166.02,-2.00,145967,1.419,-5.670,-0.204,
18,165.95,5.848,2,166.02,-2.00,145967,1.419,-5.670,-0.204,
18,166.13,5.848,3,166.20,-2.00,145967,1.401,-5.674,-0.204,
18,166.13,5.848,3,166.20,-2.00,145967,1.401,-5.674,-0.204,
18,166.31,5.860,2,166.38,-2.00,145967,1.386,-5.690,-0.204,
18,166.31,5.860,2,166.38,-2.00,145967,1.386,-5.690,-0.204,
18,166.49,5.872,3,166.56,-2.00,146167,1.371,-5.706,-0.204,
18,166.49,5.872,3,166.56,-2.00,146167,1.371,-5.706,-0.204,
18,166.67,5.848,3,166.74,-2.00,146167,1.347,-5.687,-0.204,
18,166.67,5.848,3,166.74,-2.00,146167,1.347,-5.687,-0.204,
18,166.85,5.848,2,166.92,-2.00,146167,1.330,-5.691,-0.204,
18,166.85,5.848,2,166.92,-2.00,146167,1.330,-5.691,-0.204,
18,167.03,5.912,2,167.10,-2.00,146167,1.326,-5.758,-0.206,
18,167.03,5.912,2,167.10,-2.00,146167,1.326,-5.758,-0.206,
18,167.21,5.928,2,167.28,-2.00,146367,1.312,-5.777,-0.206,
18,167.21,5.928,2,167.28,-2.00,146367,1.312,-5.777,-0.206,
18,167.39,5.924,2,167.46,-2.00,146367,1.293,-5.778,-0.206,
18,167.39,5.924,2,167.46,-2.00,146367,1.293,-5.778,-0.206,
18,167.57,5.912,3,167.64,-2.00,146367,1.272,-5.770,-0.206,
18,167.57,5.912,3,167.64,-2.00,146367,1.272,-5.770,-0.206,
18,167.75,5.924,2,167.82,-2.00,146367,1.256,-5.786,-0.206,
18,167.75,5.924,2,167.82,-2.00,146367,1.256,-5.786,-0.206,
18,167.93,6.596,0,168.00,-2.00,146567,1.378,-6.446,-0.230,
18,167.93,6.052,2,168.00,-2.00,146567,1.265,-5.915,-0.211,
18,168.11,6.172,3,168.18,-2.00,146567,1.271,-6.036,-0.215,
18,168.11,6.172,3,168.18,-2.00,146567,1.271,-6.036,-0.215,
18,168.29,6.184,52,168.36,-2.00,146567,1.254,-6.052,-0.215,
18,168.29,6.184,52,168.36,-2.00,146567,1.254,-6.052,-0.215,
17,168.30,6.752,29,168.36,-1.00,146567,1.369,-6.611,-0.118,
17,168.30,6.752,29,168.36,-1.00,146567,1.369,-6.611,-0.118,
19,168.47,6.764,0,168.54,-2.99,146567,1.351,-6.618,-0.353,
18,168.47,6.164,56,168.54,-2.00,146567,1.231,-6.036,-0.215,
18,168.47,6.164,56,168.54,-2.00,146567,1.231,-6.036,-0.215,
17,168.48,6.732,61,168.54,-1.00,146567,1.344,-6.595,-0.117,
17,168.48,6.732,61,168.54,-1.00,146567,1.344,-6.595,-0.117,
16,168.49,6.752,52,168.54,-0.01,146567,1.348,-6.616,-0.001,
16,168.49,6.752,52,168.54,-0.01,146567,1.348,-6.616,-0.001,
20,168.64,6.784,0,168.72,-3.99,146767,1.334,-6.635,-0.472,
19,168.65,6.760,1,168.72,-2.99,146767,1.330,-6.619,-0.353,
18,168.65,6.212,54,168.72,-2.00,146767,1.222,-6.087,-0.216,
18,168.65,6.212,54,168.72,-2.00,146767,1.222,-6.087,-0.216,
17,168.66,6.716,69,168.72,-1.00,146767,1.320,-6.584,-0.117,
17,168.66,6.716,69,168.72,-1.00,146767,1.320,-6.584,-0.117,
16,168.67,6.732,92,168.72,-0.01,146767,1.324,-6.601,-0.001,
16,168.67,6.732,92,168.72,-0.01,146767,1.324,-6.601,-0.001,
15,168.67,6.772,0,168.72,0.98,146767,1.330,-6.639,0.116,
20,168.82,6.780,0,168.90,-3.99,146767,1.313,-6.635,-0.471,
19,168.83,6.752,1,168.90,-2.99,146767,1.307,-6.615,-0.353,
18,168.83,6.196,65,168.90,-2.00,146767,1.200,-6.075,-0.216,
18,168.83,6.196,65,168.90,-2.00,146767,1.200,-6.075,-0.216,
17,168.84,6.720,71,168.90,-1.00,146767,1.300,-6.592,-0.117,
17,168.84,6.720,71,168.90,-1.00,146767,1.300,-6.592,-0.117,
16,168.85,6.724,104,168.90,-0.01,146767,1.301,-6.597,-0.001,
16,168.85,6.724,104,168.90,-0.01,146767,1.301,-6.597,-0.001,
15,168.85,6.756,36,168.90,0.98,146767,1.306,-6.627,0.116,
20,169.00,6.792,0,169.08,-3.99,146767,1.294,-6.651,-0.472,
19,169.01,6.764,0,169.08,-2.99,146767,1.289,-6.631,-0.353,
18,169.01,6.176,54,169.08,-2.00,146767,1.177,-6.059,-0.215,
18,169.01,6.176,54,169.08,-2.00,146767,1.177,-6.059,-0.215,
17,169.02,6.728,67,169.08,-1.00,146767,1.281,-6.604,-0.117,
17,169.02,6.728,67,169.08,-1.00,146767,1.281,-6.604,-0.117,
16,169.03,6.736,89,169.08,-0.01,146767,1.283,-6.613,-0.001,
16,169.03,6.736,89,169.08,-0.01,146767,1.283,-6.613,-0.001,
15,169.03,6.764,1,169.08,0.98,146767,1.287,-6.639,0.116,
19,169.19,6.776,0,169.26,-2.99,146767,1.270,-6.646,-0.354,
18,169.19,6.184,52,169.26,-2.00,146767,1.159,-6.071,-0.215,
18,169.19,6.184,52,169.26,-2.00,146767,1.159,-6.071,-0.215,
17,169.20,6.736,56,169.26,-1.00,146767,1.262,-6.616,-0.118,
17,169.20,6.736,56,169.26,-1.00,146767,1.262,-6.616,-0.118,
16,169.21,6.752,8,169.26,-0.01,146767,1.265,-6.632,-0.001,
18,169.37,6.168,3,169.44,-2.00,146967,1.137,-6.058,-0.215,
18,169.37,6.168,3,169.44,-2.00,146967,1.137,-6.058,-0.215,
17,169.38,6.752,0,169.44,-1.00,146967,1.244,-6.635,-0.118,
16,169.39,6.756,0,169.44,-0.01,146967,1.245,-6.640,-0.001,
18,169.55,6.108,2,169.62,-2.00,146967,1.107,-6.003,-0.213,
18,169.55,6.108,2,169.62,-2.00,146967,1.107,-6.003,-0.213,
18,169.73,5.956,2,169.80,-2.00,146967,1.061,-5.857,-0.207,
18,169.91,5.944,1,169.98,-2.00,146967,1.041,-5.849,-0.207,
18,169.91,5.944,1,169.98,-2.00,146967,1.041,-5.849,-0.207,
18,170.09,5.964,1,170.16,-2.00,147167,1.026,-5.871,-0.208,
18,170.09,5.964,1,170.16,-2.00,147167,1.026,-5.871,-0.208,
18,170.27,5.972,1,170.34,-2.00,147167,1.009,-5.883,-0.208,
18,170.27,5.972,1,170.34,-2.00,147167,1.009,-5.883,-0.208,
18,170.45,5.968,2,170.52,-2.00,147167,0.990,-5.882,-0.208,
18,170.63,5.964,1,170.70,-2.00,147167,0.970,-5.881,-0.208,
18,170.81,5.948,1,170.88,-2.00,147367,0.949,-5.868,-0.207,
18,170.81,5.948,1,170.88,-2.00,147367,0.949,-5.868,-0.207,
18,170.99,5.948,1,171.06,-2.00,147367,0.931,-5.871,-0.207,
18,170.99,5.948,1,171.06,-2.00,147367,0.931,-5.871,-0.207,
18,171.17,5.932,0,171.24,-2.00,147367,0.910,-5.858,-0.207,
18,171.35,5.932,0,171.42,-2.00,147367,0.892,-5.861,-0.207,
18,171.35,5.932,0,171.42,-2.00,147367,0.892,-5.861,-0.207,
18,171.53,5.940,0,171.60,-2.00,147567,0.874,-5.872,-0.207,
18,171.53,5.940,0,171.60,-2.00,147567,0.874,-5.872,-0.207,
18,171.71,5.956,0,171.78,-2.00,147567,0.858,-5.890,-0.207,
18,171.71,5.956,0,171.78,-2.00,147567,0.858,-5.890,-0.207,
18,171.89,5.960,0,171.96,-2.00,147567,0.840,-5.897,-0.207,
18,171.89,5.960,0,171.96,-2.00,147567,0.840,-5.897,-0.207,
18,172.07,5.992,0,172.14,-2.00,147567,0.826,-5.931,-0.209,
18,172.07,5.992,0,172.14,-2.00,147567,0.826,-5.931,-0.209,
18,172.25,6.008,1,172.32,-2.00,147767,0.810,-5.950,-0.209,
18,172.25,6.008,1,172.32,-2.00,147767,0.810,-5.950,-0.209,
18,172.43,5.984,1,172.50,-2.00,147767,0.788,-5.928,-0.208,
18,172.43,5.984,1,172.50,-2.00,147767,0.788,-5.928,-0.208,
18,172.61,5.980,3,172.68,-2.00,147767,0.769,-5.927,-0.208,
18,172.61,5.980,3,172.68,-2.00,147767,0.769,-5.927,-0.208,
18,172.79,5.976,2,172.86,-2.00,147767,0.750,-5.925,-0.208,
18,172.97,5.988,1,173.04,-2.00,147967,0.732,-5.939,-0.208,
18,172.97,5.988,1,173.04,-2.00,147967,0.732,-5.939,-0.208,
18,173.15,5.976,2,173.22,-2.00,147967,0.712,-5.930,-0.208,
18,173.15,5.976,2,173.22,-2.00,147967,0.712,-5.930,-0.208,
18,173.33,5.960,2,173.40,-2.00,147967,0.692,-5.916,-0.207,
18,173.33,5.960,2,173.40,-2.00,147967,0.692,-5.916,-0.207,
18,173.51,5.988,2,173.58,-2.00,147967,0.676,-5.946,-0.208,
18,173.51,5.988,2,173.58,-2.00,147967,0.676,-5.946,-0.208,
18,173.69,5.984,3,173.76,-2.00,148167,0.657,-5.944,-0.208,
18,173.69,5.984,3,173.76,-2.00,148167,0.657,-5.944,-0.208,
18,173.87,6.004,2,173.94,-2.00,148167,0.641,-5.966,-0.209,
18,173.87,6.004,2,173.94,-2.00,148167,0.641,-5.966,-0.209,
18,174.05,6.012,2,174.12,-2.00,148167,0.623,-5.976,-0.209,
18,174.23,6.004,1,174.30,-2.00,148167,0.603,-5.970,-0.209,
18,174.23,6.004,1,174.30,-2.00,148167,0.603,-5.970,-0.209,
18,174.41,6.016,1,174.48,-2.00,148367,0.586,-5.984,-0.209,
18,174.59,6.016,2,174.66,-2.00,148367,0.567,-5.986,-0.209,
18,174.59,6.016,2,174.66,-2.00,148367,0.567,-5.986,-0.209,
18,174.77,6.032,2,174.84,-2.00,148367,0.550,-6.003,-0.210,
18,174.77,6.032,2,174.84,-2.00,148367,0.550,-6.003,-0.210,
18,174.96,6.032,1,175.03,-2.00,148367,0.530,-6.005,-0.210,
18,174.96,6.032,1,175.03,-2.00,148367,0.530,-6.005,-0.210,
18,175.14,6.032,2,175.21,-2.00,148567,0.511,-6.007,-0.210,
18,175.14,6.032,2,175.21,-2.00,148567,0.511,-6.007,-0.210,
18,175.32,6.012,1,175.39,-2.00,148567,0.490,-5.988,-0.209,
18,175.32,6.012,1,175.39,-2.00,148567,0.490,-5.988,-0.209,
18,175.50,6.016,1,175.57,-2.00,148567,0.472,-5.994,-0.209,
18,175.50,6.016,1,175.57,-2.00,148567,0.472,-5.994,-0.209,
18,175.68,6.000,1,175.75,-2.00,148567,0.452,-5.979,-0.209,
18,175.68,6.000,1,175.75,-2.00,148567,0.452,-5.979,-0.209,
18,175.86,6.028,1,175.93,-2.00,148767,0.435,-6.009,-0.210,
18,175.86,6.028,1,175.93,-2.00,148767,0.435,-6.009,-0.210,
18,176.04,5.992,1,176.11,-2.00,148767,0.414,-5.974,-0.209,
18,176.04,5.992,1,176.11,-2.00,148767,0.414,-5.974,-0.209,
18,176.22,6.060,1,176.29,-2.00,148767,0.399,-6.043,-0.211,
18,176.22,6.060,1,176.29,-2.00,148767,0.399,-6.043,-0.211,
18,176.40,6.148,1,176.47,-2.00,148767,0.386,-6.132,-0.214,
18,176.40,6.148,1,176.47,-2.00,148767,0.386,-6.132,-0.214,
17,176.59,6.656,5,176.65,-1.00,148967,0.396,-6.643,-0.116,
19,176.76,6.660,0,176.83,-2.99,148967,0.377,-6.640,-0.348,
18,176.76,6.280,35,176.83,-2.00,148967,0.355,-6.266,-0.219,
18,176.76,6.280,35,176.83,-2.00,148967,0.355,-6.266,-0.219,
17,176.77,6.624,56,176.83,-1.00,148967,0.373,-6.612,-0.116,
17,176.77,6.624,56,176.83,-1.00,148967,0.373,-6.612,-0.116,
16,176.78,6.656,11,176.83,-0.01,148967,0.375,-6.645,-0.001,
16,176.78,6.656,11,176.83,-0.01,148967,0.375,-6.645,-0.001,
21,176.92,6.716,0,177.01,-4.98,148967,0.359,-6.681,-0.583,
20,176.93,6.680,0,177.01,-3.99,148967,0.358,-6.654,-0.464,
19,176.94,6.644,0,177.01,-2.99,148967,0.355,-6.625,-0.347,
18,176.94,6.336,34,177.01,-2.00,148967,0.338,-6.323,-0.221,
18,176.94,6.336,34,177.01,-2.00,148967,0.338,-6.323,-0.221,
17,176.95,6.612,65,177.01,-1.00,148967,0.352,-6.602,-0.115,
17,176.95,6.612,65,177.01,-1.00,148967,0.352,-6.602,-0.115,
16,176.96,6.624,85,177.01,-0.01,148967,0.352,-6.615,-0.001,
16,176.96,6.624,85,177.01,-0.01,148967,0.352,-6.615,-0.001,
15,176.96,6.664,0,177.01,0.98,148967,0.353,-6.654,0.114,
21,177.10,6.680,0,177.19,-4.98,148967,0.337,-6.646,-0.580,
20,177.11,6.676,0,177.19,-3.99,148967,0.337,-6.651,-0.464,
19,177.12,6.632,1,177.19,-2.99,148967,0.334,-6.615,-0.346,
18,177.12,6.332,33,177.19,-2.00,148967,0.318,-6.320,-0.220,
18,177.12,6.332,33,177.19,-2.00,148967,0.318,-6.320,-0.220,
17,177.13,6.616,70,177.19,-1.00,148967,0.331,-6.607,-0.115,
17,177.13,6.616,70,177.19,-1.00,148967,0.331,-6.607,-0.115,
16,177.14,6.616,100,177.19,-0.01,148967,0.331,-6.608,-0.001,
16,177.14,6.616,100,177.19,-0.01,148967,0.331,-6.608,-0.001,
15,177.14,6.652,2,177.19,0.98,148967,0.332,-6.643,0.114,
20,177.29,6.676,0,177.37,-3.99,149167,0.316,-6.652,-0.464,
19,177.30,6.640,0,177.37,-2.99,149167,0.314,-6.624,-0.347,
18,177.30,6.264,36,177.37,-2.00,149167,0.295,-6.253,-0.218,
18,177.30,6.264,36,177.37,-2.00,149167,0.295,-6.253,-0.218,
17,177.31,6.616,64,177.37,-1.00,149167,0.310,-6.608,-0.115,
17,177.31,6.616,64,177.37,-1.00,149167,0.310,-6.608,-0.115,
16,177.32,6.624,85,177.37,-0.01,149167,0.311,-6.617,-0.001,
16,177.32,6.624,85,177.37,-0.01,149167,0.311,-6.617,-0.001,
15,177.32,6.664,0,177.37,0.98,149167,0.312,-6.656,0.114,
19,177.48,6.668,0,177.55,-2.99,149167,0.294,-6.652,-0.348,
18,177.48,6.340,31,177.55,-2.00,149167,0.279,-6.330,-0.221,
18,177.48,6.340,31,177.55,-2.00,149167,0.279,-6.330,-0.221,
17,177.49,6.628,55,177.55,-1.00,149167,0.290,-6.621,-0.116,
17,177.49,6.628,55,177.55,-1.00,149167,0.290,-6.621,-0.116,
16,177.50,6.640,21,177.55,-0.01,149167,0.291,-6.634,-0.001,
18,177.66,6.288,3,177.73,-2.00,149167,0.257,-6.279,-0.219,
18,177.66,6.288,3,177.73,-2.00,149167,0.257,-6.279,-0.219,
17,177.67,6.648,4,177.73,-1.00,149167,0.270,-6.641,-0.116,
16,177.68,6.628,0,177.73,-0.01,149167,0.269,-6.623,-0.001,
18,177.84,6.292,2,177.91,-2.00,149167,0.237,-6.284,-0.219,
18,177.84,6.292,2,177.91,-2.00,149167,0.237,-6.284,-0.219,
17,177.85,6.636,0,177.91,-1.00,149167,0.249,-6.630,-0.116,
18,178.02,6.080,3,178.09,-2.00,149367,0.210,-6.073,-0.212,
18,178.02,6.080,3,178.09,-2.00,149367,0.210,-6.073,-0.212,
18,178.20,6.064,1,178.27,-2.00,149367,0.190,-6.057,-0.211,
18,178.20,6.064,1,178.27,-2.00,149367,0.190,-6.057,-0.211,
18,178.38,6.068,0,178.45,-2.00,149367,0.171,-6.062,-0.211,
18,178.38,6.068,0,178.45,-2.00,149367,0.171,-6.062,-0.211,
18,178.56,6.072,1,178.63,-2.00,149367,0.152,-6.066,-0.211,
18,178.56,6.072,1,178.63,-2.00,149367,0.152,-6.066,-0.211,
18,178.74,6.072,0,178.81,-2.00,149567,0.133,-6.067,-0.211,
18,178.74,6.072,0,178.81,-2.00,149567,0.133,-6.067,-0.211,
18,178.92,6.064,0,178.99,-2.00,149567,0.114,-6.059,-0.211,
18,179.10,6.088,0,179.17,-2.00,149567,0.096,-6.084,-0.212,
18,179.28,6.056,0,179.35,-2.00,149567,0.076,-6.052,-0.211,
18,179.28,6.056,0,179.35,-2.00,149567,0.076,-6.052,-0.211,
18,179.46,6.072,1,179.53,-2.00,149767,0.057,-6.068,-0.211,
18,179.46,6.072,1,179.53,-2.00,149767,0.057,-6.068,-0.211,
18,179.64,6.068,1,179.71,-2.00,149767,0.038,-6.064,-0.211,
18,179.64,6.068,1,179.71,-2.00,149767,0.038,-6.064,-0.211,
18,179.82,6.052,1,179.89,-2.00,149767,0.019,-6.048,-0.211,
18,179.82,6.052,1,179.89,-2.00,149767,0.019,-6.048,-0.211,
18,180.00,6.052,1,180.07,-2.00,149767,0.000,-6.048,-0.211,
18,180.00,6.052,1,180.07,-2.00,149767,0.000,-6.048,-0.211,
18,180.18,6.032,1,180.25,-2.00,149967,-0.019,-6.028,-0.210,
18,180.18,6.032,1,180.25,-2.00,149967,-0.019,-6.028,-0.210,
18,180.36,6.036,1,180.43,-2.00,149967,-0.038,-6.032,-0.210,
18,180.36,6.036,1,180.43,-2.00,149967,-0.038,-6.032,-0.210,
18,180.54,6.040,1,180.61,-2.00,149967,-0.057,-6.036,-0.210,
18,180.54,6.040,1,180.61,-2.00,149967,-0.057,-6.036,-0.210,
18,180.72,6.040,1,180.79,-2.00,149967,-0.076,-6.036,-0.210,
18,180.72,6.040,1,180.79,-2.00,149967,-0.076,-6.036,-0.210,
18,180.90,6.052,1,180.97,-2.00,150167,-0.095,-6.048,-0.211,
18,180.90,6.052,1,180.97,-2.00,150167,-0.095,-6.048,-0.211,
18,181.08,6.052,1,181.15,-2.00,150167,-0.114,-6.047,-0.211,
18,181.08,6.052,1,181.15,-2.00,150167,-0.114,-6.047,-0.211,
18,181.26,6.068,2,181.33,-2.00,150167,-0.133,-6.063,-0.211,
18,181.26,6.068,2,181.33,-2.00,150167,-0.133,-6.063,-0.211,
18,181.44,6.056,2,181.51,-2.00,150167,-0.152,-6.050,-0.211,
18,181.44,6.056,2,181.51,-2.00,150167,-0.152,-6.050,-0.211,
18,181.62,6.064,2,181.69,-2.00,150367,-0.171,-6.058,-0.211,
18,181.62,6.064,2,181.69,-2.00,150367,-0.171,-6.058,-0.211,
18,181.80,6.048,1,181.87,-2.00,150367,-0.190,-6.041,-0.211,
18,181.80,6.048,1,181.87,-2.00,150367,-0.190,-6.041,-0.211,
18,181.98,6.036,1,182.05,-2.00,150367,-0.208,-6.029,-0.210,
18,181.98,6.036,1,182.05,-2.00,150367,-0.208,-6.029,-0.210,
18,182.16,6.076,1,182.23,-2.00,150367,-0.229,-6.068,-0.212,
18,182.16,6.076,1,182.23,-2.00,150367,-0.229,-6.068,-0.212,
18,182.34,6.080,1,182.41,-2.00,150567,-0.248,-6.071,-0.212,
18,182.34,6.080,1,182.41,-2.00,150567,-0.248,-6.071,-0.212,
18,182.52,6.068,1,182.59,-2.00,150567,-0.267,-6.058,-0.211,
18,182.52,6.068,1,182.59,-2.00,150567,-0.267,-6.058,-0.211,
18,182.70,6.060,1,182.77,-2.00,150567,-0.285,-6.050,-0.211,
18,182.70,6.060,1,182.77,-2.00,150567,-0.285,-6.050,-0.211,
18,182.88,6.068,1,182.95,-2.00,150567,-0.305,-6.057,-0.211,
18,182.88,6.068,1,182.95,-2.00,150567,-0.305,-6.057,-0.211,
18,183.06,6.064,1,183.13,-2.00,150767,-0.324,-6.052,-0.211,
18,183.06,6.064,1,183.13,-2.00,150767,-0.324,-6.052,-0.211,
18,183.24,6.064,0,183.31,-2.00,150767,-0.343,-6.051,-0.211,
18,183.24,6.064,0,183.31,-2.00,150767,-0.343,-6.051,-0.211,
18,183.42,6.068,0,183.49,-2.00,150767,-0.362,-6.054,-0.211,
18,183.42,6.068,0,183.49,-2.00,150767,-0.362,-6.054,-0.211,
18,183.60,6.084,0,183.67,-2.00,150767,-0.382,-6.068,-0.212,
18,183.60,6.084,0,183.67,-2.00,150767,-0.382,-6.068,-0.212,
18,183.78,6.108,0,183.85,-2.00,150967,-0.402,-6.091,-0.213,
18,183.78,6.108,0,183.85,-2.00,150967,-0.402,-6.091,-0.213,
18,183.96,6.148,0,184.03,-2.00,150967,-0.424,-6.130,-0.214,
18,183.96,6.148,0,184.03,-2.00,150967,-0.424,-6.130,-0.214,
18,184.14,6.348,1,184.21,-2.00,150967,-0.458,-6.328,-0.221,
18,184.14,6.348,1,184.21,-2.00,150967,-0.458,-6.328,-0.221,
18,184.32,6.408,27,184.39,-2.00,150967,-0.482,-6.386,-0.223,
18,184.32,6.408,27,184.39,-2.00,150967,-0.482,-6.386,-0.223,
18,184.50,6.364,34,184.57,-2.00,151167,-0.499,-6.341,-0.222,
18,184.50,6.364,34,184.57,-2.00,151167,-0.499,-6.341,-0.222,
17,184.51,6.736,3,184.57,-1.00,151167,-0.530,-6.714,-0.118,
19,184.68,6.736,0,184.75,-2.99,151167,-0.548,-6.704,-0.352,
18,184.68,6.404,36,184.75,-2.00,151167,-0.522,-6.379,-0.223,
18,184.68,6.404,36,184.75,-2.00,151167,-0.522,-6.379,-0.223,
17,184.69,6.708,54,184.75,-1.00,151167,-0.548,-6.685,-0.117,
17,184.69,6.708,54,184.75,-1.00,151167,-0.548,-6.685,-0.117,
16,184.70,6.736,1,184.75,-0.01,151167,-0.551,-6.713,-0.001,
16,184.70,6.736,1,184.75,-0.01,151167,-0.551,-6.713,-0.001,
20,184.85,6.744,0,184.93,-3.99,151167,-0.568,-6.704,-0.469,
19,184.86,6.716,0,184.93,-2.99,151167,-0.567,-6.683,-0.351,
18,184.86,6.400,40,184.93,-2.00,151167,-0.542,-6.373,-0.223,
18,184.86,6.400,40,184.93,-2.00,151167,-0.542,-6.373,-0.223,
17,184.87,6.696,64,184.93,-1.00,151167,-0.568,-6.671,-0.117,
17,184.87,6.696,64,184.93,-1.00,151167,-0.568,-6.671,-0.117,
16,184.88,6.708,82,184.93,-0.01,151167,-0.569,-6.684,-0.001,
16,184.88,6.708,82,184.93,-0.01,151167,-0.569,-6.684,-0.001,
20,185.03,6.740,0,185.11,-3.99,151167,-0.588,-6.698,-0.469,
19,185.04,6.716,1,185.11,-2.99,151167,-0.588,-6.681,-0.351,
18,185.04,6.456,59,185.11,-2.00,151167,-0.567,-6.427,-0.225,
18,185.04,6.456,59,185.11,-2.00,151167,-0.567,-6.427,-0.225,
17,185.05,6.692,66,185.11,-1.00,151167,-0.589,-6.665,-0.117,
17,185.05,6.692,66,185.11,-1.00,151167,-0.589,-6.665,-0.117,
16,185.06,6.700,94,185.11,-0.01,151167,-0.590,-6.674,-0.001,
16,185.06,6.700,94,185.11,-0.01,151167,-0.590,-6.674,-0.001,
20,185.21,6.736,0,185.29,-3.99,151368,-0.609,-6.692,-0.468,
19,185.22,6.712,0,185.29,-2.99,151368,-0.609,-6.675,-0.351,
18,185.22,6.456,43,185.29,-2.00,151368,-0.587,-6.425,-0.225,
18,185.22,6.456,43,185.29,-2.00,151368,-0.587,-6.425,-0.225,
17,185.23,6.696,63,185.29,-1.00,151368,-0.610,-6.667,-0.117,
17,185.23,6.696,63,185.29,-1.00,151368,-0.610,-6.667,-0.117,
16,185.24,6.708,83,185.29,-0.01,151368,-0.611,-6.680,-0.001,
16,185.24,6.708,83,185.29,-0.01,151368,-0.611,-6.680,-0.001,
19,185.40,6.736,0,185.47,-2.99,151368,-0.632,-6.697,-0.352,
18,185.40,6.484,39,185.47,-2.00,151368,-0.610,-6.451,-0.226,
18,185.40,6.484,39,185.47,-2.00,151368,-0.610,-6.451,-0.226,
17,185.41,6.712,53,185.47,-1.00,151368,-0.633,-6.681,-0.117,
17,185.41,6.712,53,185.47,-1.00,151368,-0.633,-6.681,-0.117,
16,185.42,6.728,9,185.47,-0.01,151368,-0.634,-6.698,-0.001,
16,185.42,6.728,9,185.47,-0.01,151368,-0.634,-6.698,-0.001,
18,185.58,6.452,31,185.65,-2.00,151368,-0.627,-6.418,-0.225,
18,185.58,6.452,31,185.65,-2.00,151368,-0.627,-6.418,-0.225,
17,185.59,6.724,0,185.65,-1.00,151368,-0.655,-6.691,-0.117,
16,185.60,6.708,0,185.65,-0.01,151368,-0.653,-6.676,-0.001,
18,185.76,6.420,29,185.83,-2.00,151368,-0.644,-6.384,-0.223,
18,185.76,6.420,29,185.83,-2.00,151368,-0.644,-6.384,-0.223,
17,185.77,6.728,0,185.83,-1.00,151368,-0.676,-6.693,-0.117,
18,185.94,6.392,1,186.01,-2.00,151568,-0.661,-6.354,-0.223,
18,185.94,6.392,1,186.01,-2.00,151568,-0.661,-6.354,-0.223,
18,186.12,6.224,1,186.19,-2.00,151568,-0.663,-6.185,-0.217,
18,186.12,6.224,1,186.19,-2.00,151568,-0.663,-6.185,-0.217,
18,186.30,6.236,1,186.37,-2.00,151568,-0.684,-6.195,-0.217,
18,186.30,6.236,1,186.37,-2.00,151568,-0.684,-6.195,-0.217,
18,186.48,6.228,1,186.55,-2.00,151568,-0.702,-6.184,-0.217,
18,186.48,6.228,1,186.55,-2.00,151568,-0.702,-6.184,-0.217,
18,186.66,6.236,1,186.73,-2.00,151768,-0.723,-6.190,-0.217,
18,186.66,6.236,1,186.73,-2.00,151768,-0.723,-6.190,-0.217,
18,186.84,6.256,3,186.91,-2.00,151768,-0.745,-6.208,-0.218,
18,186.84,6.256,3,186.91,-2.00,151768,-0.745,-6.208,-0.218,
18,187.02,6.228,3,187.09,-2.00,151768,-0.761,-6.178,-0.217,
18,187.02,6.228,3,187.09,-2.00,151768,-0.761,-6.178,-0.217,
18,187.20,6.240,3,187.27,-2.00,151768,-0.782,-6.187,-0.217,
18,187.20,6.240,3,187.27,-2.00,151768,-0.782,-6.187,-0.217,
18,187.38,6.284,2,187.45,-2.00,151968,-0.807,-6.228,-0.219,
18,187.38,6.284,2,187.45,-2.00,151968,-0.807,-6.228,-0.219,
18,187.56,6.296,1,187.63,-2.00,151968,-0.828,-6.237,-0.219,
18,187.56,6.296,1,187.63,-2.00,151968,-0.828,-6.237,-0.219,
18,187.74,6.296,1,187.81,-2.00,151968,-0.847,-6.235,-0.219,
18,187.74,6.296,1,187.81,-2.00,151968,-0.847,-6.235,-0.219,
18,187.92,6.260,1,187.99,-2.00,151968,-0.862,-6.197,-0.218,
18,187.92,6.260,1,187.99,-2.00,151968,-0.862,-6.197,-0.218,
18,188.10,6.264,1,188.17,-2.00,152168,-0.882,-6.198,-0.218,
18,188.10,6.264,1,188.17,-2.00,152168,-0.882,-6.198,-0.218,
18,188.28,6.300,2,188.35,-2.00,152168,-0.907,-6.231,-0.219,
18,188.28,6.300,2,188.35,-2.00,152168,-0.907,-6.231,-0.219,
18,188.46,6.312,2,188.53,-2.00,152168,-0.928,-6.240,-0.220,
18,188.46,6.312,2,188.53,-2.00,152168,-0.928,-6.240,-0.220,
18,188.64,6.316,2,188.71,-2.00,152168,-0.948,-6.241,-0.220,
18,188.64,6.316,2,188.71,-2.00,152168,-0.948,-6.241,-0.220,
18,188.82,6.328,2,188.89,-2.00,152368,-0.970,-6.249,-0.220,
18,188.82,6.328,2,188.89,-2.00,152368,-0.970,-6.249,-0.220,
18,189.00,6.300,2,189.07,-2.00,152368,-0.985,-6.219,-0.219,
18,189.00,6.300,2,189.07,-2.00,152368,-0.985,-6.219,-0.219,
18,189.18,6.308,6,189.25,-2.00,152368,-1.006,-6.223,-0.220,
18,189.18,6.308,6,189.25,-2.00,152368,-1.006,-6.223,-0.220,
18,189.36,6.304,6,189.43,-2.00,152368,-1.025,-6.216,-0.219,
18,189.36,6.304,6,189.43,-2.00,152368,-1.025,-6.216,-0.219,
18,189.54,6.300,3,189.61,-2.00,152568,-1.044,-6.209,-0.219,
18,189.54,6.300,3,189.61,-2.00,152568,-1.044,-6.209,-0.219,
18,189.72,6.296,2,189.79,-2.00,152568,-1.062,-6.202,-0.219,
18,189.72,6.296,2,189.79,-2.00,152568,-1.062,-6.202,-0.219,
18,189.90,6.324,1,189.97,-2.00,152568,-1.087,-6.226,-0.220,
18,189.90,6.324,1,189.97,-2.00,152568,-1.087,-6.226,-0.220,
18,190.08,6.332,1,190.15,-2.00,152568,-1.108,-6.230,-0.220,
18,190.08,6.332,1,190.15,-2.00,152568,-1.108,-6.230,-0.220,
18,190.26,6.324,1,190.33,-2.00,152768,-1.126,-6.219,-0.220,
18,190.26,6.324,1,190.33,-2.00,152768,-1.126,-6.219,-0.220,
18,190.44,6.316,1,190.51,-2.00,152768,-1.144,-6.208,-0.220,
18,190.44,6.316,1,190.51,-2.00,152768,-1.144,-6.208,-0.220,
18,190.62,6.304,1,190.69,-2.00,152768,-1.161,-6.192,-0.219,
18,190.62,6.304,1,190.69,-2.00,152768,-1.161,-6.192,-0.219,
18,190.80,6.296,1,190.87,-2.00,152768,-1.179,-6.181,-0.219,
18,190.80,6.296,1,190.87,-2.00,152768,-1.179,-6.181,-0.219,
18,190.98,6.312,1,191.05,-2.00,152968,-1.201,-6.193,-0.220,
18,190.98,6.312,1,191.05,-2.00,152968,-1.201,-6.193,-0.220,
18,191.16,6.480,2,191.23,-2.00,152968,-1.253,-6.354,-0.226,
18,191.16,6.480,2,191.23,-2.00,152968,-1.253,-6.354,-0.226,
18,191.34,6.580,29,191.41,-2.00,152968,-1.293,-6.448,-0.229,
18,191.34,6.580,29,191.41,-2.00,152968,-1.293,-6.448,-0.229,
18,191.52,6.624,47,191.59,-2.00,152968,-1.322,-6.487,-0.231,
18,191.52,6.624,47,191.59,-2.00,152968,-1.322,-6.487,-0.231,
17,191.53,6.904,0,191.59,-1.00,152968,-1.380,-6.764,-0.120,
20,191.69,6.880,0,191.77,-3.99,153168,-1.389,-6.721,-0.478,
19,191.70,6.904,0,191.77,-2.99,153168,-1.397,-6.752,-0.361,
18,191.70,6.608,61,191.77,-2.00,153168,-1.339,-6.467,-0.230,
18,191.70,6.608,61,191.77,-2.00,153168,-1.339,-6.467,-0.230,
17,191.71,6.864,50,191.77,-1.00,153168,-1.393,-6.720,-0.120,
17,191.71,6.864,50,191.77,-1.00,153168,-1.393,-6.720,-0.120,
20,191.87,6.880,0,191.95,-3.99,153168,-1.411,-6.717,-0.478,
19,191.88,6.884,0,191.95,-2.99,153168,-1.414,-6.728,-0.360,
18,191.88,6.664,60,191.95,-2.00,153168,-1.371,-6.517,-0.232,
18,191.88,6.664,60,191.95,-2.00,153168,-1.371,-6.517,-0.232,
17,191.89,6.852,62,191.95,-1.00,153168,-1.412,-6.704,-0.120,
17,191.89,6.852,62,191.95,-1.00,153168,-1.412,-6.704,-0.120,
16,191.90,6.872,63,191.95,-0.01,153168,-1.416,-6.725,-0.001,
16,191.90,6.872,63,191.95,-0.01,153168,-1.416,-6.725,-0.001,
20,192.05,6.876,0,192.13,-3.99,153168,-1.431,-6.708,-0.478,
19,192.06,6.868,0,192.13,-2.99,153168,-1.432,-6.708,-0.359,
18,192.06,6.696,80,192.13,-2.00,153168,-1.398,-6.544,-0.233,
18,192.06,6.696,80,192.13,-2.00,153168,-1.398,-6.544,-0.233,
17,192.07,6.852,64,192.13,-1.00,153168,-1.433,-6.700,-0.120,
17,192.07,6.852,64,192.13,-1.00,153168,-1.433,-6.700,-0.120,
16,192.08,6.864,80,192.13,-0.01,153168,-1.435,-6.712,-0.001,
16,192.08,6.864,80,192.13,-0.01,153168,-1.435,-6.712,-0.001,
20,192.23,6.892,0,192.31,-3.99,153168,-1.455,-6.720,-0.479,
19,192.24,6.876,0,192.31,-2.99,153168,-1.455,-6.711,-0.359,
18,192.24,6.716,63,192.31,-2.00,153168,-1.423,-6.559,-0.234,
18,192.24,6.716,63,192.31,-2.00,153168,-1.423,-6.559,-0.234,
17,192.25,6.852,62,192.31,-1.00,153168,-1.454,-6.695,-0.120,
17,192.25,6.852,62,192.31,-1.00,153168,-1.454,-6.695,-0.120,
16,192.26,6.872,70,192.31,-0.01,153168,-1.458,-6.716,-0.001,
16,192.26,6.872,70,192.31,-0.01,153168,-1.458,-6.716,-0.001,
19,192.42,6.904,0,192.49,-2.99,153368,-1.482,-6.733,-0.361,
18,192.42,6.724,57,192.49,-2.00,153368,-1.445,-6.563,-0.234,
18,192.42,6.724,57,192.49,-2.00,153368,-1.445,-6.563,-0.234,
17,192.43,6.864,52,192.49,-1.00,153368,-1.477,-6.702,-0.120,
17,192.43,6.864,52,192.49,-1.00,153368,-1.477,-6.702,-0.120,
16,192.44,6.872,1,192.49,-0.01,153368,-1.479,-6.711,-0.001,
18,192.60,6.692,48,192.67,-2.00,153368,-1.459,-6.527,-0.233,
18,192.60,6.692,48,192.67,-2.00,153368,-1.459,-6.527,-0.233,
17,192.61,6.876,0,192.67,-1.00,153368,-1.501,-6.709,-0.120,
16,192.62,6.908,0,192.67,-0.01,153368,-1.508,-6.741,-0.001,
18,192.78,6.648,26,192.85,-2.00,153368,-1.470,-6.479,-0.231,
18,192.78,6.648,26,192.85,-2.00,153368,-1.470,-6.479,-0.231,
18,192.96,6.560,2,193.03,-2.00,153368,-1.470,-6.389,-0.228,
18,192.96,6.560,2,193.03,-2.00,153368,-1.470,-6.389,-0.228,
18,193.14,6.440,1,193.21,-2.00,153568,-1.463,-6.268,-0.224,
18,193.14,6.440,1,193.21,-2.00,153568,-1.463,-6.268,-0.224,
18,193.32,6.392,1,193.39,-2.00,153568,-1.472,-6.216,-0.223,
18,193.32,6.392,1,193.39,-2.00,153568,-1.472,-6.216,-0.223,
18,193.50,6.392,1,193.57,-2.00,153568,-1.491,-6.212,-0.223,
18,193.50,6.392,1,193.57,-2.00,153568,-1.491,-6.212,-0.223,
18,193.68,6.412,1,193.75,-2.00,153568,-1.516,-6.226,-0.223,
18,193.68,6.412,1,193.75,-2.00,153568,-1.516,-6.226,-0.223,
18,193.86,6.384,1,193.93,-2.00,153768,-1.528,-6.194,-0.222,
18,193.86,6.384,1,193.93,-2.00,153768,-1.528,-6.194,-0.222,
18,194.04,6.416,2,194.11,-2.00,153768,-1.556,-6.221,-0.223,
18,194.04,6.416,2,194.11,-2.00,153768,-1.556,-6.221,-0.223,
18,194.22,6.392,2,194.29,-2.00,153768,-1.569,-6.192,-0.223,
18,194.22,6.392,2,194.29,-2.00,153768,-1.569,-6.192,-0.223,
18,194.40,6.408,2,194.47,-2.00,153768,-1.593,-6.203,-0.223,
18,194.40,6.408,2,194.47,-2.00,153768,-1.593,-6.203,-0.223,
18,194.58,6.404,6,194.65,-2.00,153968,-1.611,-6.194,-0.223,
18,194.58,6.404,6,194.65,-2.00,153968,-1.611,-6.194,-0.223,
18,194.76,6.436,1,194.83,-2.00,153968,-1.639,-6.220,-0.224,
18,194.76,6.436,1,194.83,-2.00,153968,-1.639,-6.220,-0.224,
18,194.94,6.436,1,195.01,-2.00,153968,-1.658,-6.215,-0.224,
18,194.94,6.436,1,195.01,-2.00,153968,-1.658,-6.215,-0.224,
18,195.12,6.436,1,195.19,-2.00,153968,-1.678,-6.209,-0.224,
18,195.12,6.436,1,195.19,-2.00,153968,-1.678,-6.209,-0.224,
18,195.30,6.444,6,195.37,-2.00,154168,-1.699,-6.212,-0.224,
18,195.30,6.444,6,195.37,-2.00,154168,-1.699,-6.212,-0.224,
18,195.48,6.420,2,195.55,-2.00,154168,-1.712,-6.183,-0.223,
18,195.48,6.420,2,195.55,-2.00,154168,-1.712,-6.183,-0.223,
18,195.66,6.428,2,195.73,-2.00,154168,-1.734,-6.186,-0.224,
18,195.66,6.428,2,195.73,-2.00,154168,-1.734,-6.186,-0.224,
18,195.84,6.432,2,195.91,-2.00,154168,-1.755,-6.184,-0.224,
18,195.84,6.432,2,195.91,-2.00,154168,-1.755,-6.184,-0.224,
18,196.02,6.428,2,196.09,-2.00,154368,-1.773,-6.175,-0.224,
18,196.02,6.428,2,196.09,-2.00,154368,-1.773,-6.175,-0.224,
18,196.20,6.412,1,196.27,-2.00,154368,-1.788,-6.154,-0.223,
18,196.20,6.412,1,196.27,-2.00,154368,-1.788,-6.154,-0.223,
18,196.38,6.424,1,196.45,-2.00,154368,-1.811,-6.160,-0.224,
18,196.38,6.424,1,196.45,-2.00,154368,-1.811,-6.160,-0.224,
18,196.56,6.452,2,196.63,-2.00,154368,-1.838,-6.181,-0.225,
18,196.56,6.452,2,196.63,-2.00,154368,-1.838,-6.181,-0.225,
18,196.74,6.480,1,196.81,-2.00,154568,-1.865,-6.202,-0.226,
18,196.92,6.496,1,196.99,-2.00,154568,-1.889,-6.211,-0.226,
18,197.10,6.512,1,197.17,-2.00,154568,-1.914,-6.220,-0.227,
18,197.28,6.500,1,197.35,-2.00,154568,-1.930,-6.203,-0.226,
18,197.46,6.460,1,197.53,-2.00,154768,-1.937,-6.159,-0.225,
18,197.64,6.484,2,197.71,-2.00,154768,-1.964,-6.175,-0.226,
18,197.82,6.480,1,197.89,-2.00,154768,-1.982,-6.165,-0.226,
18,198.00,6.476,2,198.07,-2.00,154768,-2.000,-6.155,-0.225,
18,198.18,6.456,2,198.25,-2.00,154968,-2.013,-6.130,-0.225,
18,198.36,6.480,2,198.43,-2.00,154968,-2.040,-6.146,-0.226,
18,198.36,6.480,2,198.43,-2.00,154968,-2.040,-6.146,-0.226,
18,198.54,6.504,2,198.61,-2.00,154968,-2.067,-6.163,-0.226,
18,198.54,6.504,2,198.61,-2.00,154968,-2.067,-6.163,-0.226,
18,198.72,6.500,2,198.79,-2.00,154968,-2.085,-6.152,-0.226,
18,198.72,6.500,2,198.79,-2.00,154968,-2.085,-6.152,-0.226,
18,198.90,6.508,2,198.97,-2.00,155168,-2.107,-6.153,-0.227,
18,198.90,6.508,2,198.97,-2.00,155168,-2.107,-6.153,-0.227,
18,199.08,6.480,8,199.15,-2.00,155168,-2.117,-6.120,-0.226,
18,199.08,6.480,8,199.15,-2.00,155168,-2.117,-6.120,-0.226,
18,199.26,6.448,2,199.33,-2.00,155168,-2.126,-6.083,-0.224,
18,199.26,6.448,2,199.33,-2.00,155168,-2.126,-6.083,-0.224,
18,199.44,6.564,2,199.51,-2.00,155168,-2.183,-6.186,-0.229,
18,199.44,6.564,2,199.51,-2.00,155168,-2.183,-6.186,-0.229,
18,199.62,6.640,2,199.69,-2.00,155368,-2.228,-6.251,-0.231,
18,199.62,6.640,2,199.69,-2.00,155368,-2.228,-6.251,-0.231,
18,199.80,6.688,44,199.87,-2.00,155368,-2.264,-6.289,-0.233,
18,199.80,6.688,44,199.87,-2.00,155368,-2.264,-6.289,-0.233,
17,199.81,7.208,37,199.87,-1.00,155368,-2.442,-6.780,-0.126,
17,199.81,7.208,37,199.87,-1.00,155368,-2.442,-6.780,-0.126,
21,199.96,7.268,0,200.05,-4.98,155368,-2.472,-6.806,-0.631,
20,199.97,7.240,0,200.05,-3.99,155368,-2.465,-6.789,-0.503,
19,199.98,7.236,0,200.05,-2.99,155368,-2.468,-6.792,-0.378,
18,199.98,6.976,27,200.05,-2.00,155368,-2.382,-6.552,-0.243,
18,199.98,6.976,27,200.05,-2.00,155368,-2.382,-6.552,-0.243,
17,199.99,7.192,58,200.05,-1.00,155368,-2.458,-6.758,-0.126,
17,199.99,7.192,58,200.05,-1.00,155368,-2.458,-6.758,-0.126,
16,200.00,7.220,44,200.05,-0.01,155368,-2.468,-6.785,-0.001,
16,200.00,7.220,44,200.05,-0.01,155368,-2.468,-6.785,-0.001,
21,200.14,7.236,0,200.23,-4.98,155368,-2.482,-6.768,-0.628,
20,200.15,7.248,0,200.23,-3.99,155368,-2.490,-6.788,-0.504,
19,200.16,7.236,0,200.23,-2.99,155368,-2.489,-6.784,-0.378,
18,200.16,7.040,53,200.23,-2.00,155368,-2.425,-6.605,-0.245,
18,200.16,7.040,53,200.23,-2.00,155368,-2.425,-6.605,-0.245,
17,200.17,7.188,64,200.23,-1.00,155368,-2.478,-6.746,-0.125,
17,200.17,7.188,64,200.23,-1.00,155368,-2.478,-6.746,-0.125,
16,200.18,7.212,65,200.23,-0.01,155368,-2.487,-6.770,-0.001,
16,200.18,7.212,65,200.23,-0.01,155368,-2.487,-6.770,-0.001,
21,200.32,7.244,0,200.41,-4.98,155568,-2.506,-6.768,-0.629,
20,200.33,7.256,0,200.41,-3.99,155568,-2.514,-6.788,-0.505,
19,200.34,7.244,0,200.41,-2.99,155568,-2.513,-6.783,-0.378,
18,200.34,6.952,24,200.41,-2.00,155568,-2.415,-6.515,-0.242,
18,200.34,6.952,24,200.41,-2.00,155568,-2.415,-6.515,-0.242,
17,200.35,7.188,63,200.41,-1.00,155568,-2.499,-6.738,-0.125,
17,200.35,7.188,63,200.41,-1.00,155568,-2.499,-6.738,-0.125,
16,200.36,7.216,60,200.41,-0.01,155568,-2.509,-6.766,-0.001,
16,200.36,7.216,60,200.41,-0.01,155568,-2.509,-6.766,-0.001,
18,200.52,6.840,29,200.59,-2.00,155568,-2.396,-6.402,-0.238,
18,200.52,6.840,29,200.59,-2.00,155568,-2.396,-6.402,-0.238,
17,200.53,7.204,53,200.59,-1.00,155568,-2.526,-6.745,-0.126,
17,200.53,7.204,53,200.59,-1.00,155568,-2.526,-6.745,-0.126,
16,200.54,7.228,0,200.59,-0.01,155568,-2.535,-6.769,-0.001,
18,200.70,6.760,34,200.77,-2.00,155568,-2.388,-6.320,-0.235,
18,200.70,6.760,34,200.77,-2.00,155568,-2.388,-6.320,-0.235,
17,200.71,7.216,0,200.77,-1.00,155568,-2.551,-6.749,-0.126,
16,200.72,7.200,0,200.77,-0.01,155568,-2.546,-6.735,-0.001,
18,200.88,6.712,33,200.95,-2.00,155568,-2.391,-6.267,-0.234,
18,200.88,6.712,33,200.95,-2.00,155568,-2.391,-6.267,-0.234,
18,201.06,6.612,1,201.13,-2.00,155768,-2.375,-6.167,-0.230,
18,201.06,6.612,1,201.13,-2.00,155768,-2.375,-6.167,-0.230,
18,201.24,6.512,1,201.31,-2.00,155768,-2.358,-6.066,-0.227,
18,201.24,6.512,1,201.31,-2.00,155768,-2.358,-6.066,-0.227,
18,201.42,6.460,0,201.49,-2.00,155768,-2.358,-6.010,-0.225,
18,201.42,6.460,0,201.49,-2.00,155768,-2.358,-6.010,-0.225,
18,201.60,6.500,0,201.67,-2.00,155768,-2.391,-6.040,-0.226,
18,201.60,6.500,0,201.67,-2.00,155768,-2.391,-6.040,-0.226,
18,201.78,6.476,1,201.85,-2.00,155968,-2.401,-6.010,-0.225,
18,201.78,6.476,1,201.85,-2.00,155968,-2.401,-6.010,-0.225,
18,201.96,6.492,2,202.03,-2.00,155968,-2.426,-6.017,-0.226,
18,201.96,6.492,2,202.03,-2.00,155968,-2.426,-6.017,-0.226,
18,202.14,6.508,2,202.21,-2.00,155968,-2.451,-6.024,-0.227,
18,202.14,6.508,2,202.21,-2.00,155968,-2.451,-6.024,-0.227,
18,202.32,6.528,2,202.39,-2.00,155968,-2.478,-6.035,-0.227,
18,202.32,6.528,2,202.39,-2.00,155968,-2.478,-6.035,-0.227,
18,202.50,6.556,2,202.57,-2.00,156168,-2.507,-6.053,-0.228,
18,202.50,6.556,2,202.57,-2.00,156168,-2.507,-6.053,-0.228,
18,202.68,6.564,2,202.75,-2.00,156168,-2.529,-6.053,-0.229,
18,202.68,6.564,2,202.75,-2.00,156168,-2.529,-6.053,-0.229,
18,202.86,6.564,1,202.93,-2.00,156168,-2.548,-6.045,-0.229,
18,202.86,6.564,1,202.93,-2.00,156168,-2.548,-6.045,-0.229,
18,203.04,6.572,1,203.11,-2.00,156168,-2.571,-6.044,-0.229,
18,203.04,6.572,1,203.11,-2.00,156168,-2.571,-6.044,-0.229,
18,203.22,6.584,1,203.29,-2.00,156368,-2.594,-6.047,-0.229,
18,203.22,6.584,1,203.29,-2.00,156368,-2.594,-6.047,-0.229,
18,203.40,6.592,1,203.47,-2.00,156368,-2.616,-6.046,-0.229,
18,203.40,6.592,1,203.47,-2.00,156368,-2.616,-6.046,-0.229,
18,203.58,6.616,1,203.65,-2.00,156368,-2.645,-6.060,-0.230,
18,203.58,6.616,1,203.65,-2.00,156368,-2.645,-6.060,-0.230,
18,203.76,6.604,1,203.83,-2.00,156368,-2.659,-6.041,-0.230,
18,203.76,6.604,1,203.83,-2.00,156368,-2.659,-6.041,-0.230,
18,203.94,6.616,1,204.01,-2.00,156568,-2.683,-6.043,-0.230,
18,203.94,6.616,1,204.01,-2.00,156568,-2.683,-6.043,-0.230,
18,204.12,6.636,1,204.19,-2.00,156568,-2.710,-6.053,-0.231,
18,204.30,6.656,1,204.37,-2.00,156568,-2.737,-6.063,-0.232,
18,204.30,6.656,1,204.37,-2.00,156568,-2.737,-6.063,-0.232,
18,204.48,6.652,1,204.55,-2.00,156568,-2.755,-6.050,-0.232,
18,204.48,6.652,1,204.55,-2.00,156568,-2.755,-6.050,-0.232,
18,204.66,6.664,1,204.73,-2.00,156768,-2.779,-6.053,-0.232,
18,204.66,6.664,1,204.73,-2.00,156768,-2.779,-6.053,-0.232,
18,204.84,6.672,7,204.91,-2.00,156768,-2.801,-6.051,-0.232,
18,205.02,6.668,8,205.09,-2.00,156768,-2.818,-6.039,-0.232,
18,205.02,6.668,8,205.09,-2.00,156768,-2.818,-6.039,-0.232,
