17,161.58,8.212,26,161.64,-1.00,144679,2.594,-7.790,-0.143,
17,161.58,8.212,26,161.64,-1.00,144679,2.594,-7.790,-0.143,
17,161.76,8.188,50,161.82,-1.00,144679,2.562,-7.775,-0.143,
17,161.76,8.188,50,161.82,-1.00,144679,2.562,-7.775,-0.143,
17,161.94,8.168,55,162.00,-1.00,144879,2.532,-7.764,-0.143,
18,161.93,8.264,0,162.00,-2.00,144879,2.562,-7.852,-0.288,
17,161.94,8.168,55,162.00,-1.00,144879,2.532,-7.764,-0.143,
16,162.13,8.204,0,162.18,-0.01,144879,2.519,-7.808,-0.001,
17,162.12,8.156,63,162.18,-1.00,144879,2.504,-7.761,-0.142,
18,162.11,8.252,0,162.18,-2.00,144879,2.533,-7.848,-0.287,
19,162.11,8.272,0,162.18,-2.99,144879,2.539,-7.861,-0.432,
15,162.13,8.244,9,162.18,0.98,144879,2.529,-7.845,0.142,
16,162.13,8.204,0,162.18,-0.01,144879,2.519,-7.808,-0.001,
17,162.12,8.156,63,162.18,-1.00,144879,2.504,-7.761,-0.142,
16,162.31,8.200,1,162.36,-0.01,144879,2.493,-7.812,-0.001,
17,162.30,8.148,76,162.36,-1.00,144879,2.477,-7.761,-0.142,
18,162.29,8.236,0,162.36,-2.00,144879,2.504,-7.841,-0.287,
19,162.29,8.272,0,162.36,-2.99,144879,2.514,-7.869,-0.432,
15,162.31,8.244,43,162.36,0.98,144879,2.505,-7.853,0.142,
16,162.31,8.200,1,162.36,-0.01,144879,2.493,-7.812,-0.001,
17,162.30,8.148,76,162.36,-1.00,144879,2.477,-7.761,-0.142,
16,162.49,8.208,0,162.54,-0.01,144879,2.471,-7.827,-0.001,
17,162.48,8.160,60,162.54,-1.00,144879,2.456,-7.780,-0.142,
18,162.47,8.252,0,162.54,-2.00,144879,2.484,-7.864,-0.287,
15,162.49,8.252,0,162.54,0.98,144879,2.482,-7.868,0.142,
16,162.49,8.208,0,162.54,-0.01,144879,2.471,-7.827,-0.001,
17,162.48,8.160,60,162.54,-1.00,144879,2.456,-7.780,-0.142,
17,162.66,8.176,54,162.72,-1.00,145079,2.436,-7.803,-0.143,
17,162.66,8.176,54,162.72,-1.00,145079,2.436,-7.803,-0.143,
17,162.84,8.200,37,162.90,-1.00,145079,2.419,-7.834,-0.143,
17,162.84,8.200,37,162.90,-1.00,145079,2.419,-7.834,-0.143,
17,163.02,8.400,12,163.08,-1.00,145079,2.453,-8.033,-0.147,
17,163.02,8.400,12,163.08,-1.00,145079,2.453,-8.033,-0.147,
17,163.20,8.876,10,163.26,-1.00,145079,2.565,-8.496,-0.155,
17,163.38,8.904,10,163.44,-1.00,145279,2.546,-8.531,-0.155,
17,163.56,8.896,10,163.62,-1.00,145279,2.517,-8.531,-0.155,
17,163.74,8.928,9,163.80,-1.00,145279,2.499,-8.570,-0.156,
17,163.92,8.908,0,163.98,-1.00,145279,2.467,-8.558,-0.155,
17,164.10,8.892,0,164.16,-1.00,145479,2.436,-8.551,-0.155,
17,164.28,8.876,8,164.34,-1.00,145479,2.404,-8.543,-0.155,
17,164.46,8.904,9,164.52,-1.00,145479,2.385,-8.577,-0.155,
17,164.64,8.888,9,164.70,-1.00,145479,2.354,-8.569,-0.155,
17,164.82,8.884,9,164.88,-1.00,145679,2.326,-8.573,-0.155,
17,165.00,8.880,8,165.06,-1.00,145679,2.298,-8.576,-0.155,
17,165.18,8.868,9,165.24,-1.00,145679,2.268,-8.572,-0.155,
17,165.36,8.840,9,165.42,-1.00,145679,2.234,-8.552,-0.154,
17,165.54,8.856,9,165.60,-1.00,145879,2.211,-8.574,-0.155,
17,165.72,8.880,7,165.78,-1.00,145879,2.190,-8.604,-0.155,
17,165.90,8.896,1,165.96,-1.00,145879,2.167,-8.627,-0.155,
17,166.08,8.900,9,166.14,-1.00,145879,2.141,-8.637,-0.155,
17,166.08,8.900,9,166.14,-1.00,145879,2.141,-8.637,-0.155,
17,166.26,8.932,8,166.32,-1.00,146079,2.121,-8.675,-0.156,
17,166.26,8.932,8,166.32,-1.00,146079,2.121,-8.675,-0.156,
17,166.44,8.904,9,166.50,-1.00,146079,2.087,-8.654,-0.155,
17,166.44,8.904,9,166.50,-1.00,146079,2.087,-8.654,-0.155,
17,166.62,8.900,9,166.68,-1.00,146079,2.059,-8.657,-0.155,
17,166.80,8.896,10,166.86,-1.00,146079,2.031,-8.660,-0.155,
17,166.80,8.896,10,166.86,-1.00,146079,2.031,-8.660,-0.155,
17,166.98,8.908,9,167.04,-1.00,146279,2.007,-8.678,-0.155,
17,166.98,8.908,9,167.04,-1.00,146279,2.007,-8.678,-0.155,
17,167.16,8.924,10,167.22,-1.00,146279,1.983,-8.700,-0.156,
17,167.16,8.924,10,167.22,-1.00,146279,1.983,-8.700,-0.156,
17,167.34,8.944,10,167.40,-1.00,146279,1.960,-8.725,-0.156,
17,167.34,8.944,10,167.40,-1.00,146279,1.960,-8.725,-0.156,
17,167.52,8.948,10,167.58,-1.00,146279,1.933,-8.735,-0.156,
17,167.52,8.948,10,167.58,-1.00,146279,1.933,-8.735,-0.156,
17,167.70,8.952,9,167.76,-1.00,146479,1.907,-8.745,-0.156,
17,167.70,8.952,9,167.76,-1.00,146479,1.907,-8.745,-0.156,
17,167.88,8.948,9,167.94,-1.00,146479,1.878,-8.747,-0.156,
17,168.06,8.956,8,168.12,-1.00,146479,1.853,-8.761,-0.156,
17,168.24,8.980,9,168.30,-1.00,146479,1.830,-8.790,-0.157,
17,168.42,8.984,9,168.48,-1.00,146679,1.803,-8.800,-0.157,
17,168.60,9.032,9,168.66,-1.00,146679,1.785,-8.852,-0.158,
17,168.78,9.044,10,168.84,-1.00,146679,1.759,-8.870,-0.158,
17,168.96,9.052,9,169.02,-1.00,146679,1.733,-8.883,-0.158,
17,169.14,9.064,10,169.20,-1.00,146879,1.707,-8.900,-0.158,
17,169.32,9.080,10,169.38,-1.00,146879,1.682,-8.921,-0.158,
17,169.50,9.084,9,169.56,-1.00,146879,1.655,-8.931,-0.159,
17,169.68,7.964,0,169.74,-1.00,146879,1.426,-7.834,-0.139,
18,169.67,5.900,2,169.74,-2.00,146879,1.057,-5.801,-0.205,
17,169.86,9.484,0,169.92,-1.00,147079,1.669,-9.334,-0.166,
18,169.85,5.892,1,169.92,-2.00,147079,1.038,-5.796,-0.205,
17,169.86,7.960,4,169.92,-1.00,147079,1.401,-7.834,-0.139,
18,169.85,5.892,1,169.92,-2.00,147079,1.038,-5.796,-0.205,
17,170.04,7.936,29,170.10,-1.00,147079,1.372,-7.815,-0.139,
18,170.03,7.960,0,170.10,-2.00,147079,1.377,-7.835,-0.277,
17,170.04,7.936,29,170.10,-1.00,147079,1.372,-7.815,-0.139,
18,170.03,5.904,1,170.10,-2.00,147079,1.022,-5.811,-0.206,
16,170.23,7.948,0,170.28,-0.01,147079,1.350,-7.832,-0.001,
17,170.22,7.924,46,170.28,-1.00,147079,1.346,-7.808,-0.138,
18,170.21,7.948,0,170.28,-2.00,147079,1.351,-7.828,-0.277,
19,170.21,7.996,0,170.28,-2.99,147079,1.359,-7.869,-0.418,
16,170.23,7.948,0,170.28,-0.01,147079,1.350,-7.832,-0.001,
17,170.22,7.924,46,170.28,-1.00,147079,1.346,-7.808,-0.138,
18,170.21,5.920,1,170.28,-2.00,147079,1.006,-5.830,-0.206,
16,170.41,7.932,1,170.46,-0.01,147079,1.323,-7.821,-0.001,
17,170.40,7.912,54,170.46,-1.00,147079,1.319,-7.800,-0.138,
18,170.39,7.932,0,170.46,-2.00,147079,1.323,-7.816,-0.276,
19,170.39,7.980,0,170.46,-2.99,147079,1.332,-7.857,-0.417,
15,170.41,7.968,7,170.46,0.98,147079,1.327,-7.855,0.137,
16,170.41,7.932,1,170.46,-0.01,147079,1.323,-7.821,-0.001,
17,170.40,7.912,54,170.46,-1.00,147079,1.319,-7.800,-0.138,
18,170.39,5.932,1,170.46,-2.00,147079,0.990,-5.845,-0.207,
16,170.59,7.932,0,170.64,-0.01,147279,1.298,-7.825,-0.001,
17,170.58,7.924,49,170.64,-1.00,147279,1.297,-7.816,-0.138,
18,170.57,7.940,0,170.64,-2.00,147279,1.300,-7.828,-0.276,
19,170.57,7.980,0,170.64,-2.99,147279,1.307,-7.861,-0.417,
15,170.59,7.972,4,170.64,0.98,147279,1.303,-7.864,0.137,
16,170.59,7.932,0,170.64,-0.01,147279,1.298,-7.825,-0.001,
17,170.58,7.924,49,170.64,-1.00,147279,1.297,-7.816,-0.138,
18,170.57,5.940,1,170.64,-2.00,147279,0.973,-5.856,-0.207,
17,170.76,7.928,33,170.82,-1.00,147279,1.273,-7.824,-0.138,
18,170.75,7.948,0,170.82,-2.00,147279,1.277,-7.840,-0.277,
17,170.76,7.928,33,170.82,-1.00,147279,1.273,-7.824,-0.138,
18,170.75,5.916,1,170.82,-2.00,147279,0.950,-5.836,-0.206,
17,170.94,9.512,0,171.00,-1.00,147279,1.498,-9.392,-0.166,
18,170.93,5.924,1,171.00,-2.00,147279,0.933,-5.846,-0.206,
17,170.94,7.960,5,171.00,-1.00,147279,1.253,-7.859,-0.139,
18,170.93,5.924,1,171.00,-2.00,147279,0.933,-5.846,-0.206,
17,171.12,9.496,3,171.18,-1.00,147279,1.466,-9.381,-0.166,
18,171.11,5.888,1,171.18,-2.00,147279,0.909,-5.814,-0.205,
17,171.12,7.964,0,171.18,-1.00,147279,1.229,-7.867,-0.139,
18,171.11,5.888,1,171.18,-2.00,147279,0.909,-5.814,-0.205,
17,171.30,9.272,10,171.36,-1.00,147479,1.402,-9.164,-0.162,
18,171.29,5.892,2,171.36,-2.00,147479,0.892,-5.821,-0.205,
17,171.30,9.272,10,171.36,-1.00,147479,1.402,-9.164,-0.162,
18,171.29,5.892,2,171.36,-2.00,147479,0.892,-5.821,-0.205,
17,171.48,9.344,10,171.54,-1.00,147479,1.384,-9.239,-0.163,
18,171.47,5.900,2,171.54,-2.00,147479,0.875,-5.831,-0.205,
17,171.48,9.344,10,171.54,-1.00,147479,1.384,-9.239,-0.163,
18,171.47,5.900,2,171.54,-2.00,147479,0.875,-5.831,-0.205,
17,171.66,9.356,9,171.72,-1.00,147479,1.357,-9.256,-0.163,
18,171.65,5.904,1,171.72,-2.00,147479,0.857,-5.838,-0.206,
17,171.66,9.356,9,171.72,-1.00,147479,1.357,-9.256,-0.163,
18,171.65,5.904,1,171.72,-2.00,147479,0.857,-5.838,-0.206,
17,171.84,9.352,10,171.90,-1.00,147479,1.327,-9.256,-0.163,
18,171.83,5.900,1,171.90,-2.00,147479,0.838,-5.837,-0.205,
17,171.84,9.352,10,171.90,-1.00,147479,1.327,-9.256,-0.163,
18,171.83,5.900,1,171.90,-2.00,147479,0.838,-5.837,-0.205,
17,172.02,9.340,9,172.08,-1.00,147679,1.296,-9.248,-0.163,
18,172.01,5.908,0,172.08,-2.00,147679,0.821,-5.847,-0.206,
17,172.02,9.340,9,172.08,-1.00,147679,1.296,-9.248,-0.163,
18,172.01,5.908,0,172.08,-2.00,147679,0.821,-5.847,-0.206,
17,172.20,9.300,10,172.26,-1.00,147679,1.262,-9.213,-0.162,
18,172.19,5.932,0,172.26,-2.00,147679,0.806,-5.873,-0.207,
17,172.20,9.300,10,172.26,-1.00,147679,1.262,-9.213,-0.162,
18,172.19,5.932,0,172.26,-2.00,147679,0.806,-5.873,-0.207,
17,172.38,9.332,9,172.44,-1.00,147679,1.237,-9.248,-0.163,
18,172.37,5.928,1,172.44,-2.00,147679,0.787,-5.872,-0.206,
17,172.38,9.332,9,172.44,-1.00,147679,1.237,-9.248,-0.163,
18,172.37,5.928,1,172.44,-2.00,147679,0.787,-5.872,-0.206,
17,172.56,9.340,10,172.62,-1.00,147679,1.209,-9.260,-0.163,
18,172.55,5.952,1,172.62,-2.00,147679,0.771,-5.898,-0.207,
17,172.56,9.340,10,172.62,-1.00,147679,1.209,-9.260,-0.163,
18,172.55,5.952,1,172.62,-2.00,147679,0.771,-5.898,-0.207,
18,172.73,5.928,1,172.80,-2.00,147879,0.750,-5.877,-0.206,
17,172.74,9.352,10,172.80,-1.00,147879,1.182,-9.276,-0.163,
18,172.73,5.928,1,172.80,-2.00,147879,0.750,-5.877,-0.206,
17,172.92,9.372,10,172.98,-1.00,147879,1.155,-9.299,-0.164,
17,172.92,9.372,10,172.98,-1.00,147879,1.155,-9.299,-0.164,
18,172.91,5.916,1,172.98,-2.00,147879,0.730,-5.867,-0.206,
17,173.10,9.400,9,173.16,-1.00,147879,1.129,-9.330,-0.164,
18,173.09,5.920,1,173.16,-2.00,147879,0.712,-5.873,-0.206,
17,173.10,9.400,9,173.16,-1.00,147879,1.129,-9.330,-0.164,
18,173.09,5.920,1,173.16,-2.00,147879,0.712,-5.873,-0.206,
17,173.28,9.420,9,173.34,-1.00,147879,1.102,-9.354,-0.164,
18,173.27,5.904,2,173.34,-2.00,147879,0.691,-5.860,-0.206,
17,173.46,9.484,8,173.52,-1.00,148079,1.080,-9.421,-0.166,
18,173.45,5.928,2,173.52,-2.00,148079,0.676,-5.886,-0.206,
17,173.46,9.484,8,173.52,-1.00,148079,1.080,-9.421,-0.166,
18,173.45,5.928,2,173.52,-2.00,148079,0.676,-5.886,-0.206,
17,173.64,9.460,9,173.70,-1.00,148079,1.048,-9.400,-0.165,
18,173.63,5.944,4,173.70,-2.00,148079,0.659,-5.904,-0.207,
17,173.82,9.464,9,173.88,-1.00,148079,1.019,-9.408,-0.165,
18,173.81,5.952,2,173.88,-2.00,148079,0.641,-5.914,-0.207,
17,173.82,9.464,9,173.88,-1.00,148079,1.019,-9.408,-0.165,
18,173.81,5.952,2,173.88,-2.00,148079,0.641,-5.914,-0.207,
17,174.00,9.504,8,174.06,-1.00,148079,0.993,-9.450,-0.166,
18,173.99,5.964,2,174.06,-2.00,148079,0.624,-5.928,-0.208,
17,174.18,9.520,9,174.24,-1.00,148279,0.965,-9.469,-0.166,
18,174.17,5.960,2,174.24,-2.00,148279,0.605,-5.926,-0.207,
17,174.18,9.520,9,174.24,-1.00,148279,0.965,-9.469,-0.166,
18,174.17,5.960,2,174.24,-2.00,148279,0.605,-5.926,-0.207,
17,174.36,9.508,11,174.42,-1.00,148279,0.934,-9.461,-0.166,
18,174.35,5.976,2,174.42,-2.00,148279,0.588,-5.943,-0.208,
17,174.36,9.508,11,174.42,-1.00,148279,0.934,-9.461,-0.166,
18,174.35,5.976,2,174.42,-2.00,148279,0.588,-5.943,-0.208,
17,174.54,9.508,10,174.60,-1.00,148279,0.905,-9.463,-0.166,
18,174.53,5.960,2,174.60,-2.00,148279,0.568,-5.929,-0.207,
17,174.54,9.508,10,174.60,-1.00,148279,0.905,-9.463,-0.166,
18,174.53,5.960,2,174.60,-2.00,148279,0.568,-5.929,-0.207,
17,174.72,9.496,8,174.78,-1.00,148279,0.874,-9.454,-0.166,
18,174.71,5.968,2,174.78,-2.00,148279,0.550,-5.939,-0.208,
17,174.72,9.496,8,174.78,-1.00,148279,0.874,-9.454,-0.166,
18,174.71,5.968,2,174.78,-2.00,148279,0.550,-5.939,-0.208,
18,174.89,5.972,1,174.96,-2.00,148479,0.532,-5.945,-0.208,
17,174.90,9.464,9,174.96,-1.00,148479,0.841,-9.425,-0.165,
18,174.89,5.972,1,174.96,-2.00,148479,0.532,-5.945,-0.208,
17,175.08,9.536,12,175.14,-1.00,148479,0.818,-9.499,-0.166,
18,175.07,5.972,2,175.14,-2.00,148479,0.513,-5.946,-0.208,
17,175.08,9.536,12,175.14,-1.00,148479,0.818,-9.499,-0.166,
18,175.07,5.972,2,175.14,-2.00,148479,0.513,-5.946,-0.208,
17,175.26,9.652,12,175.32,-1.00,148479,0.797,-9.618,-0.168,
18,175.25,5.976,1,175.32,-2.00,148479,0.495,-5.952,-0.208,
17,175.26,9.652,12,175.32,-1.00,148479,0.797,-9.618,-0.168,
18,175.25,5.976,1,175.32,-2.00,148479,0.495,-5.952,-0.208,
17,175.44,9.668,12,175.50,-1.00,148479,0.769,-9.636,-0.169,
18,175.43,5.972,1,175.50,-2.00,148479,0.476,-5.949,-0.208,
17,175.44,9.668,12,175.50,-1.00,148479,0.769,-9.636,-0.169,
18,175.43,5.972,1,175.50,-2.00,148479,0.476,-5.949,-0.208,
17,175.62,9.732,12,175.68,-1.00,148679,0.743,-9.702,-0.170,
18,175.61,5.924,0,175.68,-2.00,148679,0.453,-5.903,-0.206,
17,175.62,9.732,12,175.68,-1.00,148679,0.743,-9.702,-0.170,
18,175.61,5.924,0,175.68,-2.00,148679,0.453,-5.903,-0.206,
17,175.80,9.784,10,175.86,-1.00,148679,0.716,-9.756,-0.171,
18,175.79,5.968,1,175.86,-2.00,148679,0.438,-5.948,-0.208,
17,175.80,9.784,10,175.86,-1.00,148679,0.716,-9.756,-0.171,
18,175.79,5.968,1,175.86,-2.00,148679,0.438,-5.948,-0.208,
17,175.98,9.844,9,176.04,-1.00,148679,0.690,-9.818,-0.172,
17,175.98,9.844,9,176.04,-1.00,148679,0.690,-9.818,-0.172,
18,175.97,5.956,1,176.04,-2.00,148679,0.418,-5.938,-0.207,
17,176.16,9.892,8,176.22,-1.00,148679,0.662,-9.868,-0.173,
18,176.15,5.980,1,176.22,-2.00,148679,0.401,-5.963,-0.208,
17,176.34,9.900,9,176.40,-1.00,148879,0.632,-9.878,-0.173,
18,176.33,5.964,0,176.40,-2.00,148879,0.382,-5.948,-0.208,
18,176.51,5.972,1,176.58,-2.00,148879,0.363,-5.957,-0.208,
17,176.52,9.932,9,176.58,-1.00,148879,0.603,-9.912,-0.173,
18,176.51,5.972,1,176.58,-2.00,148879,0.363,-5.957,-0.208,
18,176.69,5.984,1,176.76,-2.00,148879,0.345,-5.970,-0.208,
17,176.70,9.996,7,176.76,-1.00,148879,0.575,-9.978,-0.174,
18,176.69,5.984,1,176.76,-2.00,148879,0.345,-5.970,-0.208,
17,176.88,9.996,8,176.94,-1.00,148879,0.544,-9.980,-0.174,
18,176.87,5.984,1,176.94,-2.00,148879,0.327,-5.971,-0.208,
17,176.88,9.996,8,176.94,-1.00,148879,0.544,-9.980,-0.174,
18,176.87,5.984,1,176.94,-2.00,148879,0.327,-5.971,-0.208,
18,177.05,5.992,1,177.12,-2.00,149079,0.308,-5.980,-0.209,
17,177.06,10.060,6,177.12,-1.00,149079,0.516,-10.045,-0.176,
18,177.05,5.992,1,177.12,-2.00,149079,0.308,-5.980,-0.209,
17,177.24,7.868,6,177.30,-1.00,149079,0.379,-7.858,-0.137,
18,177.23,7.884,0,177.30,-2.00,149079,0.381,-7.870,-0.274,
17,177.24,7.868,6,177.30,-1.00,149079,0.379,-7.858,-0.137,
18,177.23,5.960,0,177.30,-2.00,149079,0.288,-5.949,-0.207,
17,177.42,7.844,42,177.48,-1.00,149079,0.353,-7.835,-0.137,
18,177.41,7.864,0,177.48,-2.00,149079,0.355,-7.851,-0.274,
17,177.42,7.844,42,177.48,-1.00,149079,0.353,-7.835,-0.137,
18,177.41,6.024,1,177.48,-2.00,149079,0.272,-6.014,-0.210,
16,177.61,7.848,0,177.66,-0.01,149079,0.329,-7.841,-0.001,
17,177.60,7.824,51,177.66,-1.00,149079,0.328,-7.816,-0.137,
18,177.59,7.852,0,177.66,-2.00,149079,0.330,-7.840,-0.273,
19,177.59,7.912,0,177.66,-2.99,149079,0.334,-7.894,-0.413,
16,177.61,7.848,0,177.66,-0.01,149079,0.329,-7.841,-0.001,
17,177.60,7.824,51,177.66,-1.00,149079,0.328,-7.816,-0.137,
18,177.59,5.992,0,177.66,-2.00,149079,0.252,-5.983,-0.209,
16,177.79,7.836,1,177.84,-0.01,149279,0.304,-7.830,-0.001,
17,177.78,7.828,51,177.84,-1.00,149279,0.303,-7.821,-0.137,
18,177.77,7.856,0,177.84,-2.00,149279,0.305,-7.845,-0.273,
19,177.77,7.892,0,177.84,-2.99,149279,0.308,-7.875,-0.412,
16,177.79,7.836,1,177.84,-0.01,149279,0.304,-7.830,-0.001,
17,177.78,7.828,51,177.84,-1.00,149279,0.303,-7.821,-0.137,
18,177.77,6.024,1,177.84,-2.00,149279,0.234,-6.016,-0.210,
16,177.97,7.852,0,178.02,-0.01,149279,0.280,-7.847,-0.001,
17,177.96,7.836,45,178.02,-1.00,149279,0.279,-7.830,-0.137,
18,177.95,6.028,2,178.02,-2.00,149279,0.216,-6.020,-0.210,
16,177.97,7.852,0,178.02,-0.01,149279,0.280,-7.847,-0.001,
17,177.96,7.836,45,178.02,-1.00,149279,0.279,-7.830,-0.137,
18,177.95,6.028,2,178.02,-2.00,149279,0.216,-6.020,-0.210,
17,178.14,7.860,17,178.20,-1.00,149279,0.255,-7.855,-0.137,
18,178.13,6.032,1,178.20,-2.00,149279,0.197,-6.025,-0.210,
17,178.14,7.860,17,178.20,-1.00,149279,0.255,-7.855,-0.137,
18,178.13,6.032,1,178.20,-2.00,149279,0.197,-6.025,-0.210,
17,178.32,10.168,5,178.38,-1.00,149279,0.298,-10.162,-0.177,
18,178.31,6.028,0,178.38,-2.00,149279,0.178,-6.022,-0.210,
17,178.32,7.868,0,178.38,-1.00,149279,0.231,-7.863,-0.137,
18,178.31,6.028,0,178.38,-2.00,149279,0.178,-6.022,-0.210,
17,178.50,10.152,5,178.56,-1.00,149479,0.266,-10.147,-0.177,
18,178.49,6.036,1,178.56,-2.00,149479,0.159,-6.030,-0.210,
17,178.50,10.152,5,178.56,-1.00,149479,0.266,-10.147,-0.177,
18,178.49,6.036,1,178.56,-2.00,149479,0.159,-6.030,-0.210,
17,178.69,10.148,6,178.75,-1.00,149479,0.232,-10.144,-0.177,
18,178.68,6.036,0,178.75,-2.00,149479,0.139,-6.031,-0.210,
17,178.69,10.148,6,178.75,-1.00,149479,0.232,-10.144,-0.177,
18,178.68,6.036,0,178.75,-2.00,149479,0.139,-6.031,-0.210,
17,178.87,10.160,4,178.93,-1.00,149479,0.200,-10.156,-0.177,
18,178.86,6.028,0,178.93,-2.00,149479,0.120,-6.023,-0.210,
18,179.04,6.040,0,179.11,-2.00,149479,0.101,-6.035,-0.210,
17,179.05,10.180,3,179.11,-1.00,149479,0.169,-10.177,-0.178,
18,179.04,6.040,0,179.11,-2.00,149479,0.101,-6.035,-0.210,
18,179.22,6.016,0,179.29,-2.00,149679,0.082,-6.012,-0.209,
17,179.23,10.132,0,179.29,-1.00,149679,0.136,-10.130,-0.177,
18,179.22,6.016,0,179.29,-2.00,149679,0.082,-6.012,-0.209,
17,179.41,10.140,4,179.47,-1.00,149679,0.104,-10.138,-0.177,
18,179.40,6.044,0,179.47,-2.00,149679,0.063,-6.040,-0.210,
17,179.41,10.140,4,179.47,-1.00,149679,0.104,-10.138,-0.177,
18,179.40,6.044,0,179.47,-2.00,149679,0.063,-6.040,-0.210,
17,179.59,10.124,4,179.65,-1.00,149679,0.072,-10.122,-0.177,
18,179.58,6.020,1,179.65,-2.00,149679,0.044,-6.016,-0.210,
17,179.59,10.124,4,179.65,-1.00,149679,0.072,-10.122,-0.177,
18,179.58,6.020,1,179.65,-2.00,149679,0.044,-6.016,-0.210,
17,179.77,10.116,5,179.83,-1.00,149679,0.041,-10.114,-0.177,
18,179.76,6.032,1,179.83,-2.00,149679,0.025,-6.028,-0.210,
17,179.77,10.116,5,179.83,-1.00,149679,0.041,-10.114,-0.177,
18,179.76,6.032,1,179.83,-2.00,149679,0.025,-6.028,-0.210,
17,179.95,10.124,5,180.01,-1.00,149880,0.009,-10.122,-0.177,
18,179.94,6.024,1,180.01,-2.00,149880,0.006,-6.020,-0.210,
17,179.95,10.124,5,180.01,-1.00,149880,0.009,-10.122,-0.177,
18,179.94,6.024,1,180.01,-2.00,149880,0.006,-6.020,-0.210,
17,180.13,10.108,3,180.19,-1.00,149880,-0.023,-10.106,-0.176,
18,180.12,6.000,1,180.19,-2.00,149880,-0.013,-5.996,-0.209,
17,180.13,10.108,3,180.19,-1.00,149880,-0.023,-10.106,-0.176,
18,180.12,6.000,1,180.19,-2.00,149880,-0.013,-5.996,-0.209,
17,180.31,10.124,0,180.37,-1.00,149880,-0.055,-10.122,-0.177,
18,180.30,6.008,1,180.37,-2.00,149880,-0.031,-6.004,-0.209,
17,180.31,10.124,0,180.37,-1.00,149880,-0.055,-10.122,-0.177,
18,180.30,6.008,1,180.37,-2.00,149880,-0.031,-6.004,-0.209,
17,180.49,10.136,0,180.55,-1.00,149880,-0.087,-10.134,-0.177,
18,180.48,6.012,1,180.55,-2.00,149880,-0.050,-6.008,-0.209,
17,180.49,10.136,0,180.55,-1.00,149880,-0.087,-10.134,-0.177,
18,180.48,6.012,1,180.55,-2.00,149880,-0.050,-6.008,-0.209,
17,180.67,10.176,3,180.73,-1.00,150080,-0.119,-10.174,-0.178,
18,180.66,6.004,3,180.73,-2.00,150080,-0.069,-6.000,-0.209,
17,180.67,10.176,3,180.73,-1.00,150080,-0.119,-10.174,-0.178,
18,180.66,6.004,3,180.73,-2.00,150080,-0.069,-6.000,-0.209,
17,180.85,10.192,4,180.91,-1.00,150080,-0.151,-10.189,-0.178,
18,180.84,6.012,1,180.91,-2.00,150080,-0.088,-6.008,-0.209,
17,180.85,10.192,4,180.91,-1.00,150080,-0.151,-10.189,-0.178,
18,180.84,6.012,1,180.91,-2.00,150080,-0.088,-6.008,-0.209,
17,181.03,10.172,5,181.09,-1.00,150080,-0.183,-10.169,-0.178,
18,181.02,6.016,1,181.09,-2.00,150080,-0.107,-6.011,-0.209,
17,181.03,10.172,5,181.09,-1.00,150080,-0.183,-10.169,-0.178,
18,181.02,6.016,1,181.09,-2.00,150080,-0.107,-6.011,-0.209,
17,181.21,10.172,5,181.27,-1.00,150080,-0.215,-10.168,-0.178,
18,181.20,6.036,1,181.27,-2.00,150080,-0.126,-6.031,-0.210,
17,181.21,10.172,5,181.27,-1.00,150080,-0.215,-10.168,-0.178,
18,181.20,6.036,1,181.27,-2.00,150080,-0.126,-6.031,-0.210,
17,181.39,10.188,3,181.45,-1.00,150280,-0.247,-10.183,-0.178,
18,181.38,6.036,2,181.45,-2.00,150280,-0.145,-6.031,-0.210,
17,181.39,10.188,3,181.45,-1.00,150280,-0.247,-10.183,-0.178,
18,181.38,6.036,2,181.45,-2.00,150280,-0.145,-6.031,-0.210,
18,181.56,6.040,1,181.63,-2.00,150280,-0.164,-6.034,-0.210,
17,181.57,10.176,3,181.63,-1.00,150280,-0.279,-10.171,-0.178,
18,181.56,6.040,1,181.63,-2.00,150280,-0.164,-6.034,-0.210,
17,181.75,10.152,3,181.81,-1.00,150280,-0.310,-10.146,-0.177,
18,181.74,6.032,1,181.81,-2.00,150280,-0.183,-6.026,-0.210,
17,181.75,10.152,3,181.81,-1.00,150280,-0.310,-10.146,-0.177,
18,181.74,6.032,1,181.81,-2.00,150280,-0.183,-6.026,-0.210,
17,181.93,10.156,5,181.99,-1.00,150280,-0.342,-10.149,-0.177,
18,181.92,6.028,1,181.99,-2.00,150280,-0.202,-6.021,-0.210,
17,181.93,10.156,5,181.99,-1.00,150280,-0.342,-10.149,-0.177,
18,181.92,6.028,1,181.99,-2.00,150280,-0.202,-6.021,-0.210,
17,182.11,10.152,5,182.17,-1.00,150480,-0.374,-10.144,-0.177,
18,182.10,6.028,1,182.17,-2.00,150480,-0.221,-6.020,-0.210,
17,182.11,10.152,5,182.17,-1.00,150480,-0.374,-10.144,-0.177,
18,182.10,6.028,1,182.17,-2.00,150480,-0.221,-6.020,-0.210,
17,182.29,10.172,3,182.35,-1.00,150480,-0.406,-10.162,-0.178,
18,182.28,6.044,1,182.35,-2.00,150480,-0.240,-6.036,-0.210,
17,182.29,10.172,3,182.35,-1.00,150480,-0.406,-10.162,-0.178,
18,182.28,6.044,1,182.35,-2.00,150480,-0.240,-6.036,-0.210,
17,182.47,10.156,0,182.53,-1.00,150480,-0.438,-10.145,-0.177,
18,182.46,6.056,1,182.53,-2.00,150480,-0.260,-6.047,-0.211,
17,182.47,10.156,0,182.53,-1.00,150480,-0.438,-10.145,-0.177,
18,182.46,6.056,1,182.53,-2.00,150480,-0.260,-6.047,-0.211,
17,182.65,10.156,0,182.71,-1.00,150480,-0.469,-10.144,-0.177,
18,182.64,6.036,1,182.71,-2.00,150480,-0.278,-6.026,-0.210,
17,182.65,10.156,0,182.71,-1.00,150480,-0.469,-10.144,-0.177,
18,182.64,6.036,1,182.71,-2.00,150480,-0.278,-6.026,-0.210,
17,182.83,10.076,7,182.89,-1.00,150680,-0.497,-10.062,-0.176,
18,182.82,6.048,2,182.89,-2.00,150680,-0.297,-6.037,-0.211,
17,182.83,10.076,7,182.89,-1.00,150680,-0.497,-10.062,-0.176,
18,182.82,6.048,2,182.89,-2.00,150680,-0.297,-6.037,-0.211,
17,183.01,10.112,7,183.07,-1.00,150680,-0.531,-10.097,-0.176,
18,183.00,6.044,2,183.07,-2.00,150680,-0.316,-6.032,-0.210,
17,183.01,10.112,7,183.07,-1.00,150680,-0.531,-10.097,-0.176,
18,183.00,6.044,2,183.07,-2.00,150680,-0.316,-6.032,-0.210,
17,183.19,10.140,6,183.25,-1.00,150680,-0.564,-10.123,-0.177,
18,183.18,6.036,1,183.25,-2.00,150680,-0.335,-6.023,-0.210,
17,183.19,10.140,6,183.25,-1.00,150680,-0.564,-10.123,-0.177,
18,183.18,6.036,1,183.25,-2.00,150680,-0.335,-6.023,-0.210,
17,183.37,10.152,6,183.43,-1.00,150680,-0.597,-10.133,-0.177,
18,183.36,6.032,1,183.43,-2.00,150680,-0.353,-6.018,-0.210,
17,183.37,10.152,6,183.43,-1.00,150680,-0.597,-10.133,-0.177,
18,183.36,6.032,1,183.43,-2.00,150680,-0.353,-6.018,-0.210,
17,183.55,10.140,6,183.61,-1.00,150880,-0.628,-10.119,-0.177,
18,183.54,6.036,0,183.61,-2.00,150880,-0.372,-6.021,-0.210,
17,183.55,10.140,6,183.61,-1.00,150880,-0.628,-10.119,-0.177,
18,183.54,6.036,0,183.61,-2.00,150880,-0.372,-6.021,-0.210,
17,183.73,10.132,7,183.79,-1.00,150880,-0.659,-10.109,-0.177,
18,183.72,6.056,0,183.79,-2.00,150880,-0.393,-6.040,-0.211,
17,183.73,10.132,7,183.79,-1.00,150880,-0.659,-10.109,-0.177,
18,183.72,6.056,0,183.79,-2.00,150880,-0.393,-6.040,-0.211,
17,183.91,10.128,6,183.97,-1.00,150880,-0.691,-10.103,-0.177,
18,183.90,6.084,0,183.97,-2.00,150880,-0.414,-6.066,-0.212,
17,183.91,10.128,6,183.97,-1.00,150880,-0.691,-10.103,-0.177,
18,183.90,6.084,0,183.97,-2.00,150880,-0.414,-6.066,-0.212,
17,184.09,10.172,5,184.15,-1.00,150880,-0.725,-10.145,-0.178,
18,184.08,6.132,0,184.15,-2.00,150880,-0.436,-6.113,-0.213,
17,184.09,10.172,5,184.15,-1.00,150880,-0.725,-10.145,-0.178,
18,184.08,6.132,0,184.15,-2.00,150880,-0.436,-6.113,-0.213,
17,184.27,10.176,5,184.33,-1.00,151080,-0.758,-10.146,-0.178,
18,184.26,6.136,0,184.33,-2.00,151080,-0.456,-6.115,-0.214,
17,184.27,10.176,5,184.33,-1.00,151080,-0.758,-10.146,-0.178,
18,184.26,6.136,0,184.33,-2.00,151080,-0.456,-6.115,-0.214,
17,184.45,10.164,6,184.51,-1.00,151080,-0.788,-10.132,-0.177,
18,184.44,6.128,1,184.51,-2.00,151080,-0.474,-6.106,-0.213,
17,184.45,10.164,6,184.51,-1.00,151080,-0.788,-10.132,-0.177,
18,184.44,6.128,1,184.51,-2.00,151080,-0.474,-6.106,-0.213,
17,184.63,10.192,6,184.69,-1.00,151080,-0.823,-10.157,-0.178,
18,184.62,6.092,1,184.69,-2.00,151080,-0.490,-6.069,-0.212,
17,184.63,10.192,6,184.69,-1.00,151080,-0.823,-10.157,-0.178,
18,184.62,6.092,1,184.69,-2.00,151080,-0.490,-6.069,-0.212,
17,184.81,10.192,6,184.87,-1.00,151080,-0.854,-10.155,-0.178,
18,184.80,6.100,0,184.87,-2.00,151080,-0.510,-6.075,-0.212,
17,184.81,10.192,6,184.87,-1.00,151080,-0.854,-10.155,-0.178,
18,184.80,6.100,0,184.87,-2.00,151080,-0.510,-6.075,-0.212,
17,184.99,10.164,6,185.05,-1.00,151280,-0.884,-10.124,-0.177,
18,184.98,6.108,0,185.05,-2.00,151280,-0.530,-6.081,-0.213,
17,184.99,10.164,6,185.05,-1.00,151280,-0.884,-10.124,-0.177,
18,184.98,6.108,0,185.05,-2.00,151280,-0.530,-6.081,-0.213,
17,185.17,10.188,5,185.23,-1.00,151280,-0.918,-10.145,-0.178,
18,185.16,6.140,0,185.23,-2.00,151280,-0.552,-6.111,-0.214,
17,185.17,10.188,5,185.23,-1.00,151280,-0.918,-10.145,-0.178,
18,185.16,6.140,0,185.23,-2.00,151280,-0.552,-6.111,-0.214,
17,185.35,10.184,5,185.41,-1.00,151280,-0.949,-10.138,-0.178,
18,185.34,6.144,0,185.41,-2.00,151280,-0.571,-6.114,-0.214,
17,185.35,10.184,5,185.41,-1.00,151280,-0.949,-10.138,-0.178,
18,185.34,6.144,0,185.41,-2.00,151280,-0.571,-6.114,-0.214,
17,185.53,10.168,5,185.59,-1.00,151280,-0.980,-10.119,-0.177,
18,185.52,6.164,1,185.59,-2.00,151280,-0.593,-6.132,-0.215,
17,185.53,10.168,5,185.59,-1.00,151280,-0.980,-10.119,-0.177,
18,185.52,6.164,1,185.59,-2.00,151280,-0.593,-6.132,-0.215,
17,185.71,10.188,6,185.77,-1.00,151480,-1.013,-10.136,-0.178,
18,185.70,6.156,1,185.77,-2.00,151480,-0.611,-6.122,-0.214,
17,185.71,10.188,6,185.77,-1.00,151480,-1.013,-10.136,-0.178,
18,185.70,6.156,1,185.77,-2.00,151480,-0.611,-6.122,-0.214,
17,185.89,10.204,6,185.95,-1.00,151480,-1.047,-10.149,-0.178,
18,185.88,6.164,2,185.95,-2.00,151480,-0.631,-6.128,-0.215,
17,185.89,10.204,6,185.95,-1.00,151480,-1.047,-10.149,-0.178,
18,185.88,6.164,2,185.95,-2.00,151480,-0.631,-6.128,-0.215,
17,186.07,10.232,5,186.13,-1.00,151480,-1.082,-10.173,-0.179,
18,186.06,6.188,1,186.13,-2.00,151480,-0.653,-6.150,-0.215,
17,186.07,10.232,5,186.13,-1.00,151480,-1.082,-10.173,-0.179,
18,186.06,6.188,1,186.13,-2.00,151480,-0.653,-6.150,-0.215,
17,186.25,10.240,5,186.31,-1.00,151480,-1.115,-10.178,-0.179,
18,186.24,6.192,1,186.31,-2.00,151480,-0.673,-6.152,-0.216,
17,186.25,10.240,5,186.31,-1.00,151480,-1.115,-10.178,-0.179,
18,186.24,6.192,1,186.31,-2.00,151480,-0.673,-6.152,-0.216,
17,186.43,10.284,4,186.49,-1.00,151680,-1.152,-10.218,-0.179,
18,186.42,6.192,1,186.49,-2.00,151680,-0.692,-6.149,-0.216,
17,186.43,10.284,4,186.49,-1.00,151680,-1.152,-10.218,-0.179,
18,186.42,6.192,1,186.49,-2.00,151680,-0.692,-6.149,-0.216,
17,186.61,10.268,4,186.67,-1.00,151680,-1.182,-10.198,-0.179,
18,186.60,6.196,2,186.67,-2.00,151680,-0.712,-6.151,-0.216,
17,186.61,10.268,4,186.67,-1.00,151680,-1.182,-10.198,-0.179,
18,186.60,6.196,2,186.67,-2.00,151680,-0.712,-6.151,-0.216,
17,186.79,10.288,4,186.85,-1.00,151680,-1.216,-10.214,-0.180,
18,186.78,6.208,2,186.85,-2.00,151680,-0.732,-6.161,-0.216,
17,186.79,10.288,4,186.85,-1.00,151680,-1.216,-10.214,-0.180,
18,186.78,6.208,2,186.85,-2.00,151680,-0.732,-6.161,-0.216,
17,186.97,10.316,6,187.03,-1.00,151680,-1.252,-10.238,-0.180,
18,186.96,6.208,2,187.03,-2.00,151680,-0.752,-6.159,-0.216,
17,186.97,10.316,6,187.03,-1.00,151680,-1.252,-10.238,-0.180,
18,186.96,6.208,2,187.03,-2.00,151680,-0.752,-6.159,-0.216,
17,187.15,10.308,6,187.21,-1.00,151880,-1.283,-10.226,-0.180,
18,187.14,6.200,2,187.21,-2.00,151880,-0.770,-6.148,-0.216,
17,187.15,10.308,6,187.21,-1.00,151880,-1.283,-10.226,-0.180,
18,187.14,6.200,2,187.21,-2.00,151880,-0.770,-6.148,-0.216,
17,187.33,10.340,5,187.39,-1.00,151880,-1.319,-10.254,-0.180,
18,187.32,6.236,1,187.39,-2.00,151880,-0.794,-6.181,-0.217,
17,187.33,10.340,5,187.39,-1.00,151880,-1.319,-10.254,-0.180,
18,187.32,6.236,1,187.39,-2.00,151880,-0.794,-6.181,-0.217,
17,187.51,10.340,6,187.57,-1.00,151880,-1.351,-10.250,-0.180,
18,187.50,6.240,1,187.57,-2.00,151880,-0.814,-6.183,-0.217,
17,187.51,10.340,6,187.57,-1.00,151880,-1.351,-10.250,-0.180,
18,187.50,6.240,1,187.57,-2.00,151880,-0.814,-6.183,-0.217,
17,187.69,10.432,4,187.75,-1.00,151880,-1.396,-10.337,-0.182,
18,187.68,6.268,1,187.75,-2.00,151880,-0.837,-6.208,-0.218,
17,187.69,10.432,4,187.75,-1.00,151880,-1.396,-10.337,-0.182,
18,187.68,6.268,1,187.75,-2.00,151880,-0.837,-6.208,-0.218,
17,187.87,10.456,4,187.93,-1.00,152080,-1.431,-10.356,-0.182,
18,187.86,6.260,1,187.93,-2.00,152080,-0.856,-6.197,-0.218,
17,187.87,10.456,4,187.93,-1.00,152080,-1.431,-10.356,-0.182,
18,187.86,6.260,1,187.93,-2.00,152080,-0.856,-6.197,-0.218,
17,188.05,10.476,0,188.11,-1.00,152080,-1.467,-10.371,-0.183,
18,188.04,6.224,1,188.11,-2.00,152080,-0.870,-6.159,-0.217,
17,188.05,10.476,0,188.11,-1.00,152080,-1.467,-10.371,-0.183,
18,188.04,6.224,1,188.11,-2.00,152080,-0.870,-6.159,-0.217,
17,188.23,8.036,29,188.29,-1.00,152080,-1.150,-7.952,-0.140,
18,188.22,8.052,0,188.29,-2.00,152080,-1.151,-7.964,-0.280,
17,188.23,8.036,29,188.29,-1.00,152080,-1.150,-7.952,-0.140,
18,188.22,6.224,1,188.29,-2.00,152080,-0.889,-6.156,-0.217,
16,188.42,8.044,0,188.47,-0.01,152080,-1.176,-7.958,-0.001,
17,188.41,8.016,45,188.47,-1.00,152080,-1.172,-7.929,-0.140,
18,188.40,8.032,0,188.47,-2.00,152080,-1.173,-7.941,-0.280,
19,188.40,8.104,0,188.47,-2.99,152080,-1.181,-8.006,-0.423,
16,188.42,8.044,0,188.47,-0.01,152080,-1.176,-7.958,-0.001,
17,188.41,8.016,45,188.47,-1.00,152080,-1.172,-7.929,-0.140,
18,188.40,6.260,1,188.47,-2.00,152080,-0.914,-6.189,-0.218,
16,188.60,8.036,3,188.65,-0.01,152280,-1.200,-7.946,-0.001,
17,188.59,8.012,47,188.65,-1.00,152280,-1.197,-7.921,-0.140,
18,188.58,8.032,0,188.65,-2.00,152280,-1.198,-7.937,-0.280,
19,188.58,8.080,0,188.65,-2.99,152280,-1.202,-7.979,-0.422,
16,188.60,8.036,3,188.65,-0.01,152280,-1.200,-7.946,-0.001,
17,188.59,8.012,47,188.65,-1.00,152280,-1.197,-7.921,-0.140,
18,188.58,6.272,1,188.65,-2.00,152280,-0.935,-6.198,-0.218,
16,188.78,8.044,0,188.83,-0.01,152280,-1.226,-7.950,-0.001,
17,188.77,8.024,42,188.83,-1.00,152280,-1.223,-7.929,-0.140,
18,188.76,8.036,0,188.83,-2.00,152280,-1.223,-7.937,-0.280,
16,188.78,8.044,0,188.83,-0.01,152280,-1.226,-7.950,-0.001,
17,188.77,8.024,42,188.83,-1.00,152280,-1.223,-7.929,-0.140,
18,188.76,6.280,2,188.83,-2.00,152280,-0.956,-6.203,-0.219,
17,188.95,8.044,20,189.01,-1.00,152280,-1.251,-7.945,-0.140,
18,188.94,6.260,3,189.01,-2.00,152280,-0.972,-6.180,-0.218,
17,188.95,8.044,20,189.01,-1.00,152280,-1.251,-7.945,-0.140,
18,188.94,6.260,3,189.01,-2.00,152280,-0.972,-6.180,-0.218,
17,189.13,10.512,0,189.19,-1.00,152280,-1.668,-10.377,-0.183,
18,189.12,6.268,2,189.19,-2.00,152280,-0.993,-6.185,-0.218,
17,189.13,8.044,0,189.19,-1.00,152280,-1.276,-7.941,-0.140,
18,189.12,6.268,2,189.19,-2.00,152280,-0.993,-6.185,-0.218,
17,189.31,10.552,4,189.37,-1.00,152480,-1.707,-10.411,-0.184,
18,189.30,6.256,12,189.37,-2.00,152480,-1.010,-6.170,-0.218,
17,189.31,10.552,4,189.37,-1.00,152480,-1.707,-10.411,-0.184,
18,189.30,6.256,12,189.37,-2.00,152480,-1.010,-6.170,-0.218,
18,189.48,6.268,6,189.55,-2.00,152480,-1.032,-6.179,-0.218,
17,189.49,10.556,0,189.55,-1.00,152480,-1.740,-10.410,-0.184,
18,189.48,6.268,6,189.55,-2.00,152480,-1.032,-6.179,-0.218,
18,189.66,6.272,2,189.73,-2.00,152480,-1.052,-6.179,-0.218,
17,189.67,10.580,0,189.73,-1.00,152480,-1.777,-10.428,-0.185,
18,189.66,6.272,2,189.73,-2.00,152480,-1.052,-6.179,-0.218,
17,189.85,10.596,3,189.91,-1.00,152480,-1.812,-10.438,-0.185,
18,189.84,6.292,1,189.91,-2.00,152480,-1.075,-6.196,-0.219,
17,189.85,10.596,3,189.91,-1.00,152480,-1.812,-10.438,-0.185,
18,189.84,6.292,1,189.91,-2.00,152480,-1.075,-6.196,-0.219,
17,190.03,10.584,2,190.09,-1.00,152680,-1.843,-10.421,-0.185,
18,190.02,6.296,1,190.09,-2.00,152680,-1.095,-6.196,-0.219,
17,190.03,10.584,2,190.09,-1.00,152680,-1.843,-10.421,-0.185,
18,190.02,6.296,1,190.09,-2.00,152680,-1.095,-6.196,-0.219,
17,190.21,10.592,3,190.27,-1.00,152680,-1.877,-10.423,-0.185,
18,190.20,6.316,1,190.27,-2.00,152680,-1.118,-6.212,-0.220,
17,190.21,10.592,3,190.27,-1.00,152680,-1.877,-10.423,-0.185,
18,190.20,6.316,1,190.27,-2.00,152680,-1.118,-6.212,-0.220,
17,190.39,10.596,0,190.45,-1.00,152680,-1.911,-10.421,-0.185,
18,190.38,6.292,1,190.45,-2.00,152680,-1.133,-6.185,-0.219,
17,190.39,10.596,0,190.45,-1.00,152680,-1.911,-10.421,-0.185,
18,190.38,6.292,1,190.45,-2.00,152680,-1.133,-6.185,-0.219,
17,190.57,10.624,4,190.63,-1.00,152680,-1.949,-10.442,-0.185,
18,190.56,6.272,1,190.63,-2.00,152680,-1.149,-6.162,-0.218,
17,190.57,10.624,4,190.63,-1.00,152680,-1.949,-10.442,-0.185,
18,190.56,6.272,1,190.63,-2.00,152680,-1.149,-6.162,-0.218,
17,190.75,10.656,4,190.81,-1.00,152880,-1.987,-10.467,-0.186,
18,190.74,6.284,1,190.81,-2.00,152880,-1.170,-6.170,-0.219,
17,190.75,10.656,4,190.81,-1.00,152880,-1.987,-10.467,-0.186,
18,190.74,6.284,1,190.81,-2.00,152880,-1.170,-6.170,-0.219,
17,190.93,10.604,5,190.99,-1.00,152880,-2.010,-10.410,-0.185,
18,190.92,6.268,1,190.99,-2.00,152880,-1.187,-6.151,-0.218,
17,190.93,10.604,5,190.99,-1.00,152880,-2.010,-10.410,-0.185,
18,190.92,6.268,1,190.99,-2.00,152880,-1.187,-6.151,-0.218,
17,191.11,10.644,4,191.17,-1.00,152880,-2.051,-10.443,-0.186,
18,191.10,6.236,0,191.17,-2.00,152880,-1.200,-6.116,-0.217,
17,191.11,10.644,4,191.17,-1.00,152880,-2.051,-10.443,-0.186,
18,191.10,6.236,0,191.17,-2.00,152880,-1.200,-6.116,-0.217,
17,191.29,10.664,5,191.35,-1.00,152880,-2.087,-10.456,-0.186,
18,191.28,6.236,0,191.35,-2.00,152880,-1.219,-6.112,-0.217,
17,191.29,10.664,5,191.35,-1.00,152880,-2.087,-10.456,-0.186,
18,191.28,6.236,0,191.35,-2.00,152880,-1.219,-6.112,-0.217,
17,191.47,10.668,4,191.53,-1.00,153080,-2.121,-10.453,-0.186,
18,191.46,6.256,0,191.53,-2.00,153080,-1.242,-6.128,-0.218,
17,191.47,10.668,4,191.53,-1.00,153080,-2.121,-10.453,-0.186,
18,191.46,6.256,0,191.53,-2.00,153080,-1.242,-6.128,-0.218,
17,191.65,10.672,4,191.71,-1.00,153080,-2.155,-10.451,-0.186,
18,191.64,6.304,0,191.71,-2.00,153080,-1.271,-6.171,-0.219,
17,191.65,10.672,4,191.71,-1.00,153080,-2.155,-10.451,-0.186,
18,191.64,6.304,0,191.71,-2.00,153080,-1.271,-6.171,-0.219,
17,191.83,10.680,3,191.89,-1.00,153080,-2.189,-10.452,-0.186,
18,191.82,6.364,0,191.89,-2.00,153080,-1.303,-6.225,-0.222,
17,191.83,10.680,3,191.89,-1.00,153080,-2.189,-10.452,-0.186,
18,191.82,6.364,0,191.89,-2.00,153080,-1.303,-6.225,-0.222,
17,192.01,10.680,3,192.07,-1.00,153080,-2.222,-10.445,-0.186,
18,192.00,6.344,0,192.07,-2.00,153080,-1.318,-6.202,-0.221,
17,192.01,10.680,3,192.07,-1.00,153080,-2.222,-10.445,-0.186,
18,192.00,6.344,0,192.07,-2.00,153080,-1.318,-6.202,-0.221,
17,192.19,10.692,0,192.25,-1.00,153280,-2.257,-10.449,-0.187,
18,192.18,6.344,0,192.25,-2.00,153280,-1.338,-6.197,-0.221,
17,192.19,10.692,0,192.25,-1.00,153280,-2.257,-10.449,-0.187,
18,192.18,6.344,0,192.25,-2.00,153280,-1.338,-6.197,-0.221,
17,192.37,10.724,3,192.43,-1.00,153280,-2.297,-10.473,-0.187,
18,192.36,6.332,0,192.43,-2.00,153280,-1.355,-6.181,-0.220,
17,192.37,10.724,3,192.43,-1.00,153280,-2.297,-10.473,-0.187,
18,192.36,6.332,0,192.43,-2.00,153280,-1.355,-6.181,-0.220,
17,192.55,10.744,3,192.61,-1.00,153280,-2.334,-10.486,-0.188,
18,192.54,6.352,0,192.61,-2.00,153280,-1.378,-6.197,-0.221,
17,192.55,10.744,3,192.61,-1.00,153280,-2.334,-10.486,-0.188,
18,192.54,6.352,0,192.61,-2.00,153280,-1.378,-6.197,-0.221,
17,192.73,10.780,3,192.79,-1.00,153280,-2.375,-10.513,-0.188,
18,192.72,6.352,0,192.79,-2.00,153280,-1.398,-6.192,-0.221,
17,192.73,10.780,3,192.79,-1.00,153280,-2.375,-10.513,-0.188,
18,192.72,6.352,0,192.79,-2.00,153280,-1.398,-6.192,-0.221,
17,192.91,10.764,3,192.97,-1.00,153480,-2.405,-10.490,-0.188,
18,192.90,6.364,0,192.97,-2.00,153480,-1.420,-6.200,-0.222,
17,192.91,10.764,3,192.97,-1.00,153480,-2.405,-10.490,-0.188,
18,192.90,6.364,0,192.97,-2.00,153480,-1.420,-6.200,-0.222,
17,193.09,10.776,3,193.15,-1.00,153480,-2.440,-10.494,-0.188,
18,193.08,6.404,0,193.15,-2.00,153480,-1.448,-6.234,-0.223,
17,193.09,10.776,3,193.15,-1.00,153480,-2.440,-10.494,-0.188,
18,193.08,6.404,0,193.15,-2.00,153480,-1.448,-6.234,-0.223,
17,193.27,10.800,0,193.33,-1.00,153480,-2.479,-10.510,-0.188,
18,193.26,6.368,1,193.33,-2.00,153480,-1.460,-6.194,-0.222,
17,193.27,10.800,0,193.33,-1.00,153480,-2.479,-10.510,-0.188,
18,193.26,6.368,1,193.33,-2.00,153480,-1.460,-6.194,-0.222,
17,193.45,10.800,0,193.51,-1.00,153480,-2.512,-10.502,-0.188,
18,193.44,6.340,1,193.51,-2.00,153480,-1.473,-6.163,-0.221,
17,193.45,10.800,0,193.51,-1.00,153480,-2.512,-10.502,-0.188,
18,193.44,6.340,1,193.51,-2.00,153480,-1.473,-6.163,-0.221,
17,193.63,10.824,3,193.69,-1.00,153680,-2.550,-10.518,-0.189,
18,193.62,6.364,2,193.69,-2.00,153680,-1.498,-6.181,-0.222,
17,193.63,10.824,3,193.69,-1.00,153680,-2.550,-10.518,-0.189,
18,193.62,6.364,2,193.69,-2.00,153680,-1.498,-6.181,-0.222,
17,193.81,10.812,0,193.87,-1.00,153680,-2.580,-10.498,-0.189,
18,193.80,6.360,2,193.87,-2.00,153680,-1.516,-6.173,-0.221,
17,193.81,10.812,0,193.87,-1.00,153680,-2.580,-10.498,-0.189,
18,193.80,6.360,2,193.87,-2.00,153680,-1.516,-6.173,-0.221,
18,193.98,6.380,1,194.05,-2.00,153680,-1.540,-6.187,-0.222,
17,193.99,10.808,0,194.05,-1.00,153680,-2.612,-10.486,-0.189,
18,193.98,6.380,1,194.05,-2.00,153680,-1.540,-6.187,-0.222,
17,194.17,10.820,0,194.23,-1.00,153680,-2.648,-10.489,-0.189,
18,194.16,6.388,3,194.23,-2.00,153680,-1.562,-6.190,-0.222,
17,194.17,10.820,0,194.23,-1.00,153680,-2.648,-10.489,-0.189,
18,194.16,6.388,3,194.23,-2.00,153680,-1.562,-6.190,-0.222,
17,194.35,10.868,0,194.41,-1.00,153880,-2.693,-10.527,-0.190,
18,194.34,6.388,2,194.41,-2.00,153880,-1.581,-6.185,-0.222,
17,194.35,10.868,0,194.41,-1.00,153880,-2.693,-10.527,-0.190,
18,194.34,6.388,2,194.41,-2.00,153880,-1.581,-6.185,-0.222,
17,194.53,10.888,0,194.59,-1.00,153880,-2.731,-10.538,-0.190,
18,194.52,6.388,3,194.59,-2.00,153880,-1.601,-6.180,-0.222,
17,194.53,10.888,0,194.59,-1.00,153880,-2.731,-10.538,-0.190,
18,194.52,6.388,3,194.59,-2.00,153880,-1.601,-6.180,-0.222,
18,194.70,6.392,2,194.77,-2.00,153880,-1.621,-6.179,-0.223,
17,194.71,10.912,0,194.77,-1.00,153880,-2.770,-10.553,-0.190,
18,194.70,6.392,2,194.77,-2.00,153880,-1.621,-6.179,-0.223,
17,194.89,10.920,3,194.95,-1.00,153880,-2.806,-10.552,-0.191,
18,194.88,6.420,1,194.95,-2.00,153880,-1.648,-6.201,-0.223,
17,195.07,10.920,3,195.13,-1.00,154080,-2.839,-10.543,-0.191,
17,195.07,10.920,3,195.13,-1.00,154080,-2.839,-10.543,-0.191,
18,195.06,6.412,1,195.13,-2.00,154080,-1.665,-6.188,-0.223,
17,195.25,10.916,4,195.31,-1.00,154080,-2.871,-10.530,-0.191,
18,195.24,6.424,2,195.31,-2.00,154080,-1.688,-6.194,-0.224,
17,195.25,10.916,4,195.31,-1.00,154080,-2.871,-10.530,-0.191,
18,195.24,6.424,2,195.31,-2.00,154080,-1.688,-6.194,-0.224,
17,195.43,10.908,5,195.49,-1.00,154080,-2.902,-10.513,-0.190,
18,195.42,6.404,2,195.49,-2.00,154080,-1.702,-6.170,-0.223,
17,195.43,10.908,5,195.49,-1.00,154080,-2.902,-10.513,-0.190,
18,195.42,6.404,2,195.49,-2.00,154080,-1.702,-6.170,-0.223,
17,195.61,10.952,5,195.67,-1.00,154080,-2.947,-10.546,-0.191,
18,195.60,6.396,2,195.67,-2.00,154080,-1.719,-6.157,-0.223,
17,195.61,10.952,5,195.67,-1.00,154080,-2.947,-10.546,-0.191,
18,195.60,6.396,2,195.67,-2.00,154080,-1.719,-6.157,-0.223,
17,195.79,8.288,8,195.85,-1.00,154280,-2.255,-7.974,-0.145,
18,195.78,8.292,0,195.85,-2.00,154280,-2.254,-7.975,-0.289,
17,195.79,8.288,8,195.85,-1.00,154280,-2.255,-7.974,-0.145,
18,195.78,6.404,2,195.85,-2.00,154280,-1.740,-6.159,-0.223,
16,195.98,8.296,3,196.03,-0.01,154280,-2.283,-7.976,-0.001,
17,195.97,8.272,41,196.03,-1.00,154280,-2.276,-7.952,-0.144,
18,195.96,8.280,0,196.03,-2.00,154280,-2.275,-7.956,-0.288,
16,195.98,8.296,3,196.03,-0.01,154280,-2.283,-7.976,-0.001,
17,195.97,8.272,41,196.03,-1.00,154280,-2.276,-7.952,-0.144,
18,195.96,6.412,2,196.03,-2.00,154280,-1.762,-6.161,-0.223,
16,196.16,8.284,29,196.21,-0.01,154280,-2.304,-7.957,-0.001,
17,196.15,8.264,48,196.21,-1.00,154280,-2.298,-7.937,-0.144,
18,196.14,8.272,0,196.21,-2.00,154280,-2.298,-7.941,-0.288,
19,196.14,8.336,0,196.21,-2.99,154280,-2.313,-7.997,-0.435,
16,196.16,8.284,29,196.21,-0.01,154280,-2.304,-7.957,-0.001,
17,196.15,8.264,48,196.21,-1.00,154280,-2.298,-7.937,-0.144,
18,196.14,6.384,2,196.21,-2.00,154280,-1.774,-6.129,-0.222,
16,196.34,8.284,18,196.39,-0.01,154280,-2.329,-7.950,-0.001,
17,196.33,8.268,43,196.39,-1.00,154280,-2.324,-7.933,-0.144,
18,196.32,8.284,0,196.39,-2.00,154280,-2.326,-7.945,-0.288,
16,196.34,8.284,18,196.39,-0.01,154280,-2.329,-7.950,-0.001,
17,196.33,8.268,43,196.39,-1.00,154280,-2.324,-7.933,-0.144,
18,196.32,6.392,1,196.39,-2.00,154280,-1.795,-6.131,-0.223,
17,196.51,8.276,24,196.57,-1.00,154480,-2.352,-7.934,-0.144,
18,196.50,8.296,0,196.57,-2.00,154480,-2.355,-7.950,-0.289,
16,196.52,8.288,0,196.57,-0.01,154480,-2.355,-7.946,-0.001,
17,196.51,8.276,24,196.57,-1.00,154480,-2.352,-7.934,-0.144,
18,196.50,6.420,1,196.57,-2.00,154480,-1.822,-6.152,-0.223,
17,196.69,11.180,0,196.75,-1.00,154480,-3.210,-10.707,-0.195,
18,196.68,6.448,1,196.75,-2.00,154480,-1.850,-6.173,-0.224,
17,196.69,8.292,0,196.75,-1.00,154480,-2.381,-7.941,-0.145,
18,196.68,6.448,1,196.75,-2.00,154480,-1.850,-6.173,-0.224,
17,196.87,11.264,6,196.93,-1.00,154480,-3.268,-10.778,-0.197,
17,196.87,11.264,6,196.93,-1.00,154480,-3.268,-10.778,-0.197,
18,196.86,6.444,0,196.93,-2.00,154480,-1.868,-6.163,-0.224,
17,197.05,11.288,0,197.11,-1.00,154480,-3.309,-10.790,-0.197,
18,197.04,6.456,0,197.11,-2.00,154480,-1.891,-6.169,-0.225,
17,197.05,11.288,0,197.11,-1.00,154480,-3.309,-10.790,-0.197,
18,197.04,6.456,0,197.11,-2.00,154480,-1.891,-6.169,-0.225,
17,197.23,11.316,5,197.29,-1.00,154680,-3.351,-10.807,-0.197,
17,197.23,11.316,5,197.29,-1.00,154680,-3.351,-10.807,-0.197,
18,197.22,6.456,0,197.29,-2.00,154680,-1.910,-6.163,-0.225,
17,197.41,11.328,4,197.47,-1.00,154680,-3.389,-10.807,-0.198,
17,197.41,11.328,4,197.47,-1.00,154680,-3.389,-10.807,-0.198,
18,197.40,6.416,1,197.47,-2.00,154680,-1.917,-6.119,-0.223,
18,197.58,6.436,2,197.65,-2.00,154680,-1.943,-6.132,-0.224,
18,197.76,6.416,1,197.83,-2.00,154680,-1.956,-6.107,-0.223,
17,197.95,11.356,5,198.01,-1.00,154880,-3.499,-10.802,-0.198,
17,197.95,11.356,5,198.01,-1.00,154880,-3.499,-10.802,-0.198,
18,197.94,6.432,1,198.01,-2.00,154880,-1.980,-6.116,-0.224,
17,198.13,11.352,6,198.19,-1.00,154880,-3.532,-10.787,-0.198,
17,198.13,11.352,6,198.19,-1.00,154880,-3.532,-10.787,-0.198,
18,198.12,6.440,1,198.19,-2.00,154880,-2.002,-6.117,-0.224,
17,198.31,11.364,6,198.37,-1.00,154880,-3.570,-10.787,-0.198,
18,198.30,6.452,1,198.37,-2.00,154880,-2.025,-6.122,-0.225,
17,198.31,11.364,6,198.37,-1.00,154880,-3.570,-10.787,-0.198,
18,198.30,6.452,1,198.37,-2.00,154880,-2.025,-6.122,-0.225,
17,198.49,11.380,7,198.55,-1.00,154880,-3.608,-10.791,-0.199,
18,198.48,6.460,2,198.55,-2.00,154880,-2.046,-6.123,-0.225,
17,198.49,11.380,7,198.55,-1.00,154880,-3.608,-10.791,-0.199,
18,198.48,6.460,2,198.55,-2.00,154880,-2.046,-6.123,-0.225,
17,198.67,11.400,8,198.73,-1.00,155080,-3.649,-10.798,-0.199,
18,198.66,6.460,2,198.73,-2.00,155080,-2.066,-6.117,-0.225,
17,198.67,11.400,8,198.73,-1.00,155080,-3.649,-10.798,-0.199,
18,198.66,6.460,2,198.73,-2.00,155080,-2.066,-6.117,-0.225,
18,198.84,6.452,3,198.91,-2.00,155080,-2.082,-6.103,-0.225,
18,198.84,6.452,3,198.91,-2.00,155080,-2.082,-6.103,-0.225,
17,199.03,11.420,7,199.09,-1.00,155080,-3.723,-10.794,-0.199,
18,199.02,6.436,6,199.09,-2.00,155080,-2.096,-6.081,-0.224,
17,199.03,11.420,7,199.09,-1.00,155080,-3.723,-10.794,-0.199,
18,199.02,6.436,6,199.09,-2.00,155080,-2.096,-6.081,-0.224,
17,199.21,11.404,8,199.27,-1.00,155080,-3.752,-10.767,-0.199,
17,199.21,11.404,8,199.27,-1.00,155080,-3.752,-10.767,-0.199,
18,199.20,6.440,2,199.27,-2.00,155080,-2.117,-6.078,-0.224,
17,199.39,11.380,9,199.45,-1.00,155280,-3.778,-10.733,-0.199,
18,199.38,6.444,2,199.45,-2.00,155280,-2.137,-6.075,-0.224,
17,199.39,11.380,9,199.45,-1.00,155280,-3.778,-10.733,-0.199,
18,199.38,6.444,2,199.45,-2.00,155280,-2.137,-6.075,-0.224,
17,199.57,11.372,8,199.63,-1.00,155280,-3.809,-10.713,-0.198,
17,199.57,11.372,8,199.63,-1.00,155280,-3.809,-10.713,-0.198,
18,199.56,6.448,2,199.63,-2.00,155280,-2.157,-6.072,-0.224,
17,199.75,11.376,8,199.81,-1.00,155280,-3.844,-10.705,-0.199,
17,199.75,11.376,8,199.81,-1.00,155280,-3.844,-10.705,-0.199,
18,199.74,6.436,1,199.81,-2.00,155280,-2.172,-6.054,-0.224,
17,199.93,11.368,9,199.99,-1.00,155280,-3.874,-10.686,-0.198,
18,199.92,6.412,1,199.99,-2.00,155280,-2.183,-6.025,-0.223,
17,199.93,11.368,9,199.99,-1.00,155280,-3.874,-10.686,-0.198,
18,199.92,6.412,1,199.99,-2.00,155280,-2.183,-6.025,-0.223,
17,200.11,11.352,9,200.17,-1.00,155480,-3.902,-10.658,-0.198,
18,200.10,6.420,0,200.17,-2.00,155480,-2.205,-6.025,-0.223,
17,200.11,11.352,9,200.17,-1.00,155480,-3.902,-10.658,-0.198,
18,200.10,6.420,0,200.17,-2.00,155480,-2.205,-6.025,-0.223,
17,200.29,11.376,9,200.35,-1.00,155480,-3.944,-10.668,-0.199,
18,200.28,6.444,0,200.35,-2.00,155480,-2.232,-6.041,-0.224,
17,200.29,11.376,9,200.35,-1.00,155480,-3.944,-10.668,-0.199,
18,200.28,6.444,0,200.35,-2.00,155480,-2.232,-6.041,-0.224,
17,200.47,11.380,8,200.53,-1.00,155480,-3.979,-10.660,-0.199,
18,200.46,6.516,0,200.53,-2.00,155480,-2.276,-6.101,-0.227,
17,200.47,11.380,8,200.53,-1.00,155480,-3.979,-10.660,-0.199,
18,200.46,6.516,0,200.53,-2.00,155480,-2.276,-6.101,-0.227,
17,200.65,11.364,8,200.71,-1.00,155480,-4.007,-10.632,-0.198,
18,200.64,6.536,1,200.71,-2.00,155480,-2.303,-6.113,-0.228,
17,200.65,11.364,8,200.71,-1.00,155480,-4.007,-10.632,-0.198,
18,200.64,6.536,1,200.71,-2.00,155480,-2.303,-6.113,-0.228,
17,200.83,11.372,9,200.89,-1.00,155680,-4.043,-10.627,-0.198,
18,200.82,6.512,1,200.89,-2.00,155680,-2.313,-6.083,-0.227,
17,200.83,11.372,9,200.89,-1.00,155680,-4.043,-10.627,-0.198,
18,200.82,6.512,1,200.89,-2.00,155680,-2.313,-6.083,-0.227,
17,201.01,11.388,8,201.07,-1.00,155680,-4.082,-10.629,-0.199,
18,201.00,6.528,1,201.07,-2.00,155680,-2.338,-6.091,-0.227,
17,201.01,11.388,8,201.07,-1.00,155680,-4.082,-10.629,-0.199,
18,201.00,6.528,1,201.07,-2.00,155680,-2.338,-6.091,-0.227,
17,201.19,11.380,8,201.25,-1.00,155680,-4.113,-10.609,-0.199,
18,201.18,6.524,1,201.25,-2.00,155680,-2.356,-6.080,-0.227,
17,201.19,11.380,8,201.25,-1.00,155680,-4.113,-10.609,-0.199,
18,201.18,6.524,1,201.25,-2.00,155680,-2.356,-6.080,-0.227,
17,201.37,11.372,8,201.43,-1.00,155680,-4.143,-10.589,-0.198,
18,201.36,6.472,0,201.43,-2.00,155680,-2.356,-6.024,-0.225,
17,201.37,11.372,8,201.43,-1.00,155680,-4.143,-10.589,-0.198,
18,201.36,6.472,0,201.43,-2.00,155680,-2.356,-6.024,-0.225,
17,201.55,11.488,0,201.61,-1.00,155880,-4.219,-10.683,-0.200,
18,201.54,8.584,0,201.61,-2.00,155880,-3.150,-7.980,-0.299,
17,201.55,8.576,6,201.61,-1.00,155880,-3.150,-7.975,-0.150,
18,201.54,6.456,0,201.61,-2.00,155880,-2.369,-6.001,-0.225,
16,201.74,8.584,5,201.79,-0.01,155880,-3.178,-7.974,-0.001,
17,201.73,8.556,37,201.79,-1.00,155880,-3.167,-7.947,-0.149,
18,201.72,8.564,0,201.79,-2.00,155880,-3.167,-7.951,-0.298,
16,201.74,8.584,5,201.79,-0.01,155880,-3.178,-7.974,-0.001,
17,201.73,8.556,37,201.79,-1.00,155880,-3.167,-7.947,-0.149,
18,201.72,6.480,1,201.79,-2.00,155880,-2.397,-6.016,-0.226,
16,201.92,8.568,45,201.97,-0.01,155880,-3.197,-7.949,-0.001,
17,201.91,8.544,46,201.97,-1.00,155880,-3.188,-7.926,-0.149,
18,201.90,8.560,0,201.97,-2.00,155880,-3.191,-7.937,-0.298,
16,201.92,8.568,45,201.97,-0.01,155880,-3.197,-7.949,-0.001,
17,201.91,8.544,46,201.97,-1.00,155880,-3.188,-7.926,-0.149,
18,201.90,6.484,1,201.97,-2.00,155880,-2.417,-6.012,-0.226,
16,202.10,8.576,24,202.15,-0.01,155880,-3.225,-7.946,-0.001,
17,202.09,8.548,40,202.15,-1.00,155880,-3.214,-7.919,-0.149,
18,202.08,8.572,0,202.15,-2.00,155880,-3.220,-7.939,-0.298,
16,202.10,8.576,24,202.15,-0.01,155880,-3.225,-7.946,-0.001,
17,202.09,8.548,40,202.15,-1.00,155880,-3.214,-7.919,-0.149,
18,202.08,6.496,2,202.15,-2.00,155880,-2.440,-6.016,-0.226,
17,202.27,8.568,17,202.33,-1.00,156081,-3.247,-7.928,-0.150,
18,202.26,8.580,0,202.33,-2.00,156081,-3.248,-7.936,-0.299,
16,202.28,8.584,0,202.33,-0.01,156081,-3.253,-7.944,-0.001,
17,202.27,8.568,17,202.33,-1.00,156081,-3.247,-7.928,-0.150,
18,202.26,6.524,1,202.33,-2.00,156081,-2.470,-6.034,-0.227,
18,202.44,6.524,7,202.51,-2.00,156081,-2.489,-6.026,-0.227,
17,202.45,8.572,0,202.51,-1.00,156081,-3.273,-7.921,-0.150,
18,202.44,6.524,7,202.51,-2.00,156081,-2.489,-6.026,-0.227,
18,202.62,6.548,2,202.69,-2.00,156081,-2.517,-6.041,-0.228,
18,202.62,6.548,2,202.69,-2.00,156081,-2.517,-6.041,-0.228,
18,202.80,6.552,2,202.87,-2.00,156081,-2.537,-6.036,-0.228,
18,202.80,6.552,2,202.87,-2.00,156081,-2.537,-6.036,-0.228,
18,202.98,6.548,2,203.05,-2.00,156281,-2.555,-6.025,-0.228,
18,202.98,6.548,2,203.05,-2.00,156281,-2.555,-6.025,-0.228,
18,203.16,6.568,1,203.23,-2.00,156281,-2.582,-6.035,-0.229,
18,203.16,6.568,1,203.23,-2.00,156281,-2.582,-6.035,-0.229,
18,203.34,6.576,1,203.41,-2.00,156281,-2.604,-6.034,-0.229,
18,203.34,6.576,1,203.41,-2.00,156281,-2.604,-6.034,-0.229,
18,203.52,6.576,1,203.59,-2.00,156281,-2.623,-6.026,-0.229,
18,203.52,6.576,1,203.59,-2.00,156281,-2.623,-6.026,-0.229,
18,203.70,6.588,1,203.77,-2.00,156481,-2.646,-6.029,-0.229,
18,203.70,6.588,1,203.77,-2.00,156481,-2.646,-6.029,-0.229,
18,203.88,6.596,1,203.95,-2.00,156481,-2.669,-6.028,-0.230,
18,203.88,6.596,1,203.95,-2.00,156481,-2.669,-6.028,-0.230,
18,204.06,6.612,1,204.13,-2.00,156481,-2.694,-6.034,-0.230,
18,204.06,6.612,1,204.13,-2.00,156481,-2.694,-6.034,-0.230,
18,204.24,6.632,0,204.31,-2.00,156481,-2.721,-6.044,-0.231,
18,204.42,6.644,1,204.49,-2.00,156681,-2.745,-6.046,-0.231,
18,204.42,6.644,1,204.49,-2.00,156681,-2.745,-6.046,-0.231,
18,204.60,6.640,1,204.67,-2.00,156681,-2.762,-6.034,-0.231,
18,204.60,6.640,1,204.67,-2.00,156681,-2.762,-6.034,-0.231,
18,204.78,6.652,2,204.85,-2.00,156681,-2.786,-6.036,-0.232,
18,204.78,6.652,2,204.85,-2.00,156681,-2.786,-6.036,-0.232,
18,204.97,6.648,7,205.04,-2.00,156681,-2.805,-6.023,-0.231,
18,204.97,6.648,7,205.04,-2.00,156681,-2.805,-6.023,-0.231,
18,205.15,6.668,2,205.22,-2.00,156881,-2.832,-6.032,-0.232,
18,205.15,6.668,2,205.22,-2.00,156881,-2.832,-6.032,-0.232,
18,205.33,6.624,1,205.40,-2.00,156881,-2.832,-5.984,-0.231,
18,205.51,6.620,1,205.58,-2.00,156881,-2.849,-5.971,-0.230,
18,205.68,6.700,1,205.75,-2.00,156881,-2.902,-6.035,-0.233,
18,205.86,6.688,1,205.93,-2.00,157081,-2.915,-6.015,-0.233,
18,206.04,6.676,1,206.11,-2.00,157081,-2.929,-5.995,-0.232,
18,206.22,6.660,1,206.29,-2.00,157081,-2.941,-5.971,-0.232,
18,206.22,6.660,1,206.29,-2.00,157081,-2.941,-5.971,-0.232,
18,206.40,6.740,10,206.47,-2.00,157081,-2.995,-6.033,-0.235,
18,206.40,6.740,10,206.47,-2.00,157081,-2.995,-6.033,-0.235,
18,206.58,6.760,10,206.65,-2.00,157281,-3.023,-6.042,-0.235,
18,206.58,6.760,10,206.65,-2.00,157281,-3.023,-6.042,-0.235,
18,206.76,6.752,11,206.83,-2.00,157281,-3.038,-6.025,-0.235,
18,206.76,6.752,11,206.83,-2.00,157281,-3.038,-6.025,-0.235,
18,206.94,6.768,11,207.01,-2.00,157281,-3.064,-6.030,-0.236,
18,206.94,6.768,11,207.01,-2.00,157281,-3.064,-6.030,-0.236,
18,207.12,6.788,14,207.19,-2.00,157281,-3.092,-6.038,-0.236,
18,207.12,6.788,14,207.19,-2.00,157281,-3.092,-6.038,-0.236,
18,207.30,6.812,12,207.37,-2.00,157481,-3.122,-6.050,-0.237,
18,207.30,6.812,12,207.37,-2.00,157481,-3.122,-6.050,-0.237,
18,207.48,6.876,1,207.55,-2.00,157481,-3.171,-6.096,-0.239,
18,207.66,7.032,1,207.73,-2.00,157481,-3.262,-6.225,-0.245,
18,207.84,7.028,1,207.91,-2.00,157481,-3.280,-6.211,-0.245,
18,208.02,6.924,1,208.09,-2.00,157681,-3.251,-6.109,-0.241,
18,208.20,6.928,2,208.27,-2.00,157681,-3.272,-6.102,-0.241,
18,208.20,6.928,2,208.27,-2.00,157681,-3.272,-6.102,-0.241,
18,208.38,6.888,12,208.45,-2.00,157681,-3.272,-6.056,-0.240,
18,208.38,6.888,12,208.45,-2.00,157681,-3.272,-6.056,-0.240,
18,208.56,6.904,12,208.63,-2.00,157681,-3.299,-6.060,-0.240,
18,208.56,6.904,12,208.63,-2.00,157681,-3.299,-6.060,-0.240,
18,208.74,6.932,10,208.81,-2.00,157881,-3.331,-6.074,-0.241,
18,208.74,6.932,10,208.81,-2.00,157881,-3.331,-6.074,-0.241,
18,208.92,6.948,8,208.99,-2.00,157881,-3.358,-6.078,-0.242,
18,208.92,6.948,8,208.99,-2.00,157881,-3.358,-6.078,-0.242,
18,209.10,6.968,11,209.17,-2.00,157881,-3.387,-6.085,-0.243,
18,209.10,6.968,11,209.17,-2.00,157881,-3.387,-6.085,-0.243,
18,209.28,6.992,1,209.35,-2.00,157881,-3.418,-6.095,-0.243,
18,209.28,6.992,1,209.35,-2.00,157881,-3.418,-6.095,-0.243,
18,209.46,7.016,1,209.53,-2.00,158081,-3.448,-6.105,-0.244,
18,209.46,7.016,1,209.53,-2.00,158081,-3.448,-6.105,-0.244,
18,209.64,6.996,9,209.71,-2.00,158081,-3.458,-6.077,-0.244,
18,209.64,6.996,9,209.71,-2.00,158081,-3.458,-6.077,-0.244,
18,209.82,6.972,12,209.89,-2.00,158081,-3.465,-6.045,-0.243,
18,209.82,6.972,12,209.89,-2.00,158081,-3.465,-6.045,-0.243,
18,210.00,6.984,11,210.07,-2.00,158081,-3.490,-6.045,-0.243,
18,210.00,6.984,11,210.07,-2.00,158081,-3.490,-6.045,-0.243,
18,210.18,6.976,13,210.25,-2.00,158281,-3.505,-6.027,-0.243,
18,210.18,6.976,13,210.25,-2.00,158281,-3.505,-6.027,-0.243,
18,210.36,6.976,12,210.43,-2.00,158281,-3.524,-6.016,-0.243,
18,210.36,6.976,12,210.43,-2.00,158281,-3.524,-6.016,-0.243,
18,210.54,6.988,11,210.61,-2.00,158281,-3.549,-6.015,-0.243,
18,210.54,6.988,11,210.61,-2.00,158281,-3.549,-6.015,-0.243,
18,210.72,7.016,12,210.79,-2.00,158281,-3.582,-6.028,-0.244,
18,210.72,7.016,12,210.79,-2.00,158281,-3.582,-6.028,-0.244,
18,210.90,7.044,9,210.97,-2.00,158481,-3.615,-6.041,-0.245,
18,210.90,7.044,9,210.97,-2.00,158481,-3.615,-6.041,-0.245,
18,211.08,7.052,8,211.15,-2.00,158481,-3.638,-6.036,-0.245,
18,211.08,7.052,8,211.15,-2.00,158481,-3.638,-6.036,-0.245,
18,211.26,7.020,11,211.33,-2.00,158481,-3.641,-5.997,-0.244,
18,211.26,7.020,11,211.33,-2.00,158481,-3.641,-5.997,-0.244,
18,211.44,7.020,12,211.51,-2.00,158481,-3.659,-5.986,-0.244,
18,211.44,7.020,12,211.51,-2.00,158481,-3.659,-5.986,-0.244,
18,211.62,6.948,15,211.69,-2.00,158681,-3.641,-5.913,-0.242,
18,211.62,6.948,15,211.69,-2.00,158681,-3.641,-5.913,-0.242,
18,211.81,6.924,15,211.88,-2.00,158681,-3.647,-5.880,-0.241,
18,211.81,6.924,15,211.88,-2.00,158681,-3.647,-5.880,-0.241,
18,211.99,6.880,14,212.06,-2.00,158681,-3.643,-5.832,-0.240,
18,211.99,6.880,14,212.06,-2.00,158681,-3.643,-5.832,-0.240,
18,212.17,6.900,9,212.24,-2.00,158681,-3.672,-5.837,-0.240,
18,212.17,6.900,9,212.24,-2.00,158681,-3.672,-5.837,-0.240,
18,212.35,6.904,9,212.42,-2.00,158881,-3.692,-5.829,-0.240,
18,212.35,6.904,9,212.42,-2.00,158881,-3.692,-5.829,-0.240,
18,212.53,6.876,13,212.60,-2.00,158881,-3.695,-5.794,-0.239,
18,212.53,6.876,13,212.60,-2.00,158881,-3.695,-5.794,-0.239,
18,212.71,6.876,14,212.78,-2.00,158881,-3.713,-5.782,-0.239,
18,212.71,6.876,14,212.78,-2.00,158881,-3.713,-5.782,-0.239,
18,212.89,6.888,13,212.96,-2.00,158881,-3.738,-5.780,-0.240,
18,212.89,6.888,13,212.96,-2.00,158881,-3.738,-5.780,-0.240,
18,213.07,6.888,13,213.14,-2.00,159081,-3.756,-5.769,-0.240,
18,213.07,6.888,13,213.14,-2.00,159081,-3.756,-5.769,-0.240,
18,213.25,6.888,14,213.32,-2.00,159081,-3.774,-5.757,-0.240,
18,213.25,6.888,14,213.32,-2.00,159081,-3.774,-5.757,-0.240,
