22,153.85,8.104,1,153.95,-5.98,842483,3.552,-7.235,-0.844,
22,154.03,8.104,1,154.13,-5.98,842683,3.529,-7.246,-0.844,
22,154.21,8.120,2,154.31,-5.98,842683,3.514,-7.271,-0.845,
22,154.21,8.120,2,154.31,-5.98,842683,3.514,-7.271,-0.845,
22,154.39,8.156,8,154.49,-5.98,842683,3.506,-7.315,-0.849,
22,154.39,8.156,8,154.49,-5.98,842683,3.506,-7.315,-0.849,
22,154.57,8.156,22,154.67,-5.98,842683,3.483,-7.326,-0.849,
22,154.57,8.156,22,154.67,-5.98,842683,3.483,-7.326,-0.849,
21,154.76,8.240,56,154.85,-4.98,842883,3.500,-7.425,-0.715,
22,154.75,8.160,32,154.85,-5.98,842883,3.462,-7.340,-0.850,
21,154.76,8.240,56,154.85,-4.98,842883,3.500,-7.425,-0.715,
22,154.75,8.160,32,154.85,-5.98,842883,3.462,-7.340,-0.850,
20,154.95,8.244,60,155.03,-3.99,842883,3.483,-7.450,-0.573,
21,154.94,8.220,83,155.03,-4.98,842883,3.469,-7.418,-0.714,
22,154.93,8.152,38,155.03,-5.98,842883,3.435,-7.344,-0.849,
20,154.95,8.244,60,155.03,-3.99,842883,3.483,-7.450,-0.573,
21,154.94,8.220,83,155.03,-4.98,842883,3.469,-7.418,-0.714,
22,154.93,8.152,38,155.03,-5.98,842883,3.435,-7.344,-0.849,
20,155.13,8.236,70,155.21,-3.99,842883,3.457,-7.454,-0.573,
21,155.12,8.216,91,155.21,-4.98,842883,3.444,-7.425,-0.713,
22,155.11,8.152,47,155.21,-5.98,842883,3.412,-7.355,-0.849,
20,155.13,8.236,70,155.21,-3.99,842883,3.457,-7.454,-0.573,
21,155.12,8.216,91,155.21,-4.98,842883,3.444,-7.425,-0.713,
22,155.11,8.152,47,155.21,-5.98,842883,3.412,-7.355,-0.849,
21,155.30,8.228,73,155.39,-4.98,842883,3.425,-7.447,-0.714,
22,155.29,8.152,38,155.39,-5.98,842883,3.389,-7.365,-0.849,
23,155.28,8.292,0,155.39,-6.97,842883,3.442,-7.476,-1.006,
20,155.31,8.248,0,155.39,-3.99,842883,3.438,-7.475,-0.573,
21,155.30,8.228,73,155.39,-4.98,842883,3.425,-7.447,-0.714,
22,155.29,8.152,38,155.39,-5.98,842883,3.389,-7.365,-0.849,
22,155.47,8.144,34,155.57,-5.98,843083,3.363,-7.369,-0.848,
21,155.48,8.252,2,155.57,-4.98,843083,3.412,-7.479,-0.716,
22,155.47,8.144,34,155.57,-5.98,843083,3.363,-7.369,-0.848,
22,155.65,8.140,9,155.75,-5.98,843083,3.338,-7.376,-0.847,
22,155.65,8.140,9,155.75,-5.98,843083,3.338,-7.376,-0.847,
22,155.83,8.120,2,155.93,-5.98,843083,3.307,-7.368,-0.845,
21,155.84,9.812,2,155.93,-4.98,843083,4.001,-8.919,-0.852,
22,155.83,8.120,2,155.93,-5.98,843083,3.307,-7.368,-0.845,
21,156.02,9.804,1,156.11,-4.98,843083,3.969,-8.924,-0.851,
22,156.01,8.064,1,156.11,-5.98,843083,3.261,-7.327,-0.840,
21,156.20,9.796,1,156.29,-4.98,843283,3.938,-8.929,-0.851,
22,156.19,8.064,0,156.29,-5.98,843283,3.238,-7.338,-0.840,
21,156.38,9.796,1,156.47,-4.98,843283,3.910,-8.941,-0.851,
22,156.37,8.060,1,156.47,-5.98,843283,3.213,-7.344,-0.839,
21,156.56,9.800,1,156.65,-4.98,843283,3.884,-8.957,-0.851,
22,156.55,8.056,0,156.65,-5.98,843283,3.188,-7.350,-0.839,
21,156.74,9.808,1,156.83,-4.98,843283,3.859,-8.977,-0.852,
22,156.73,8.052,1,156.83,-5.98,843283,3.164,-7.357,-0.838,
21,156.92,9.804,1,157.01,-4.98,843483,3.829,-8.985,-0.851,
22,156.91,8.052,0,157.01,-5.98,843483,3.141,-7.367,-0.838,
21,157.10,9.800,1,157.19,-4.98,843483,3.799,-8.994,-0.851,
22,157.09,8.044,0,157.19,-5.98,843483,3.114,-7.369,-0.837,
21,157.28,9.800,1,157.37,-4.98,843483,3.771,-9.005,-0.851,
22,157.27,8.044,0,157.37,-5.98,843483,3.091,-7.379,-0.837,
21,157.46,9.804,1,157.55,-4.98,843483,3.744,-9.021,-0.851,
22,157.45,8.044,0,157.55,-5.98,843483,3.068,-7.389,-0.837,
21,157.64,9.796,1,157.73,-4.98,843683,3.713,-9.025,-0.851,
22,157.63,8.040,1,157.73,-5.98,843683,3.043,-7.395,-0.837,
21,157.82,9.792,1,157.91,-4.98,843683,3.683,-9.033,-0.850,
22,157.81,8.032,1,157.91,-5.98,843683,3.017,-7.397,-0.836,
21,158.00,9.804,0,158.09,-4.98,843683,3.659,-9.056,-0.851,
22,157.99,8.036,1,158.09,-5.98,843683,2.995,-7.410,-0.837,
22,158.17,8.008,13,158.27,-5.98,843683,2.962,-7.393,-0.834,
24,158.15,13.568,0,158.27,-7.97,843683,5.001,-12.472,-1.880,
21,158.18,9.808,0,158.27,-4.98,843683,3.632,-9.071,-0.852,
22,158.17,8.008,13,158.27,-5.98,843683,2.962,-7.393,-0.834,
22,158.35,8.008,48,158.45,-5.98,843883,2.938,-7.403,-0.834,
23,158.34,13.568,0,158.45,-6.97,843883,4.971,-12.517,-1.647,
24,158.33,13.540,0,158.45,-7.97,843883,4.952,-12.462,-1.876,
21,158.36,9.792,0,158.45,-4.98,843883,3.597,-9.067,-0.850,
22,158.35,8.008,48,158.45,-5.98,843883,2.938,-7.403,-0.834,
22,158.53,7.992,64,158.63,-5.98,843883,2.909,-7.397,-0.832,
23,158.52,13.552,0,158.63,-6.97,843883,4.926,-12.518,-1.645,
24,158.51,13.532,0,158.63,-7.97,843883,4.909,-12.470,-1.875,
21,158.54,9.800,0,158.63,-4.98,843883,3.572,-9.086,-0.851,
22,158.53,7.992,64,158.63,-5.98,843883,2.909,-7.397,-0.832,
21,158.72,8.032,45,158.81,-4.98,843883,2.904,-7.456,-0.697,
22,158.71,7.968,73,158.81,-5.98,843883,2.877,-7.384,-0.830,
24,158.69,13.516,0,158.81,-7.97,843883,4.865,-12.470,-1.873,
21,158.72,8.032,45,158.81,-4.98,843883,2.904,-7.456,-0.697,
22,158.71,7.968,73,158.81,-5.98,843883,2.877,-7.384,-0.830,
21,158.90,8.008,92,158.99,-4.98,843883,2.872,-7.443,-0.695,
22,158.89,7.960,77,158.99,-5.98,843883,2.851,-7.385,-0.829,
20,158.91,8.032,15,158.99,-3.99,843883,2.884,-7.475,-0.558,
21,158.90,8.008,92,158.99,-4.98,843883,2.872,-7.443,-0.695,
22,158.89,7.960,77,158.99,-5.98,843883,2.851,-7.385,-0.829,
20,159.09,8.016,76,159.17,-3.99,844083,2.855,-7.469,-0.557,
21,159.08,8.004,109,159.17,-4.98,844083,2.847,-7.448,-0.695,
22,159.07,7.948,109,159.17,-5.98,844083,2.824,-7.383,-0.827,
20,159.09,8.016,76,159.17,-3.99,844083,2.855,-7.469,-0.557,
21,159.08,8.004,109,159.17,-4.98,844083,2.847,-7.448,-0.695,
22,159.07,7.948,109,159.17,-5.98,844083,2.824,-7.383,-0.827,
21,159.26,8.004,97,159.35,-4.98,844083,2.824,-7.457,-0.695,
22,159.25,7.956,78,159.35,-5.98,844083,2.803,-7.400,-0.828,
20,159.27,8.028,28,159.35,-3.99,844083,2.836,-7.490,-0.558,
21,159.26,8.004,97,159.35,-4.98,844083,2.824,-7.457,-0.695,
22,159.25,7.956,78,159.35,-5.98,844083,2.803,-7.400,-0.828,
21,159.44,8.028,51,159.53,-4.98,844083,2.809,-7.488,-0.697,
22,159.43,7.964,72,159.53,-5.98,844083,2.783,-7.416,-0.829,
23,159.42,8.120,0,159.53,-6.97,844083,2.833,-7.546,-0.985,
24,159.41,13.468,0,159.53,-7.97,844083,4.691,-12.486,-1.866,
20,159.45,8.044,0,159.53,-3.99,844083,2.818,-7.513,-0.559,
21,159.44,8.028,51,159.53,-4.98,844083,2.809,-7.488,-0.697,
22,159.43,7.964,72,159.53,-5.98,844083,2.783,-7.416,-0.829,
22,159.61,7.972,64,159.71,-5.98,844083,2.762,-7.432,-0.830,
23,159.60,13.472,0,159.71,-6.97,844083,4.661,-12.534,-1.635,
24,159.59,13.448,0,159.71,-7.97,844083,4.645,-12.482,-1.864,
21,159.62,8.008,0,159.71,-4.98,844083,2.778,-7.478,-0.695,
22,159.61,7.972,64,159.71,-5.98,844083,2.762,-7.432,-0.830,
22,159.79,8.004,44,159.89,-5.98,844284,2.750,-7.470,-0.833,
23,159.78,13.460,0,159.89,-6.97,844284,4.618,-12.537,-1.634,
24,159.77,13.440,0,159.89,-7.97,844284,4.603,-12.489,-1.863,
21,159.80,9.808,2,159.89,-4.98,844284,3.374,-9.170,-0.852,
22,159.79,8.004,44,159.89,-5.98,844284,2.750,-7.470,-0.833,
22,159.97,8.044,5,160.07,-5.98,844284,2.740,-7.516,-0.837,
23,159.96,13.432,0,160.07,-6.97,844284,4.569,-12.525,-1.630,
24,159.95,13.404,0,160.07,-7.97,844284,4.551,-12.470,-1.858,
21,159.98,9.792,2,160.07,-4.98,844284,3.340,-9.166,-0.850,
22,159.97,8.044,5,160.07,-5.98,844284,2.740,-7.516,-0.837,
22,160.15,13.304,0,160.25,-5.98,844284,4.493,-12.446,-1.385,
23,160.14,13.396,0,160.25,-6.97,844284,4.517,-12.506,-1.626,
24,160.13,13.384,0,160.25,-7.97,844284,4.505,-12.466,-1.855,
21,160.16,9.792,2,160.25,-4.98,844284,3.311,-9.176,-0.850,
22,160.15,8.024,2,160.25,-5.98,844284,2.710,-7.506,-0.835,
22,160.33,13.304,0,160.43,-5.98,844284,4.454,-12.460,-1.385,
23,160.32,13.396,0,160.43,-6.97,844284,4.478,-12.520,-1.626,
21,160.34,9.792,2,160.43,-4.98,844284,3.282,-9.186,-0.850,
22,160.33,8.016,1,160.43,-5.98,844284,2.684,-7.507,-0.835,
22,160.51,13.296,0,160.61,-5.98,844484,4.412,-12.466,-1.384,
23,160.50,13.392,0,160.61,-6.97,844484,4.437,-12.531,-1.625,
21,160.52,9.784,1,160.61,-4.98,844484,3.250,-9.189,-0.849,
22,160.51,8.024,2,160.61,-5.98,844484,2.663,-7.523,-0.835,
22,160.70,13.280,0,160.80,-5.98,844484,4.365,-12.466,-1.383,
23,160.69,13.364,0,160.80,-6.97,844484,4.387,-12.519,-1.622,
24,160.68,13.356,0,160.80,-7.97,844484,4.376,-12.482,-1.851,
21,160.71,9.784,0,160.80,-4.98,844484,3.220,-9.200,-0.849,
22,160.70,8.028,1,160.80,-5.98,844484,2.639,-7.536,-0.836,
22,160.88,13.252,0,160.98,-5.98,844484,4.317,-12.453,-1.380,
23,160.87,13.360,0,160.98,-6.97,844484,4.346,-12.529,-1.621,
24,160.86,13.320,0,160.98,-7.97,844484,4.325,-12.462,-1.846,
21,160.89,9.788,0,160.98,-4.98,844484,3.192,-9.214,-0.850,
22,160.88,8.028,1,160.98,-5.98,844484,2.615,-7.544,-0.836,
22,161.06,13.220,0,161.16,-5.98,844484,4.268,-12.436,-1.376,
23,161.05,13.340,0,161.16,-6.97,844484,4.300,-12.524,-1.619,
24,161.04,13.328,0,161.16,-7.97,844484,4.289,-12.483,-1.847,
21,161.07,9.796,1,161.16,-4.98,844484,3.166,-9.231,-0.851,
22,161.06,8.032,0,161.16,-5.98,844484,2.593,-7.556,-0.836,
22,161.24,13.200,0,161.34,-5.98,844684,4.222,-12.431,-1.374,
23,161.23,13.300,0,161.34,-6.97,844684,4.248,-12.500,-1.614,
21,161.25,9.792,1,161.34,-4.98,844684,3.136,-9.237,-0.850,
22,161.24,8.036,0,161.34,-5.98,844684,2.570,-7.568,-0.837,
22,161.42,13.228,0,161.52,-5.98,844684,4.192,-12.470,-1.377,
23,161.41,13.288,0,161.52,-6.97,844684,4.205,-12.502,-1.613,
21,161.43,9.796,1,161.52,-4.98,844684,3.108,-9.251,-0.851,
22,161.42,8.036,0,161.52,-5.98,844684,2.547,-7.576,-0.837,
22,161.60,14.012,0,161.70,-5.98,844684,4.399,-13.223,-1.459,
21,161.61,9.796,1,161.70,-4.98,844684,3.079,-9.261,-0.851,
22,161.60,8.044,0,161.70,-5.98,844684,2.525,-7.591,-0.837,
22,161.78,14.008,0,161.88,-5.98,844684,4.356,-13.233,-1.458,
23,161.77,14.048,0,161.88,-6.97,844684,4.362,-13.244,-1.705,
21,161.79,9.800,1,161.88,-4.98,844684,3.051,-9.274,-0.851,
22,161.78,8.044,0,161.88,-5.98,844684,2.501,-7.599,-0.837,
22,161.96,14.008,0,162.06,-5.98,844884,4.314,-13.247,-1.458,
23,161.95,14.048,0,162.06,-6.97,844884,4.321,-13.258,-1.705,
24,161.94,14.040,0,162.06,-7.97,844884,4.311,-13.219,-1.946,
21,161.97,9.792,0,162.06,-4.98,844884,3.019,-9.276,-0.850,
22,161.96,8.044,0,162.06,-5.98,844884,2.478,-7.607,-0.837,
22,162.14,13.980,0,162.24,-5.98,844884,4.264,-13.234,-1.455,
23,162.13,13.992,0,162.24,-6.97,844884,4.262,-13.219,-1.698,
24,162.12,14.016,0,162.24,-7.97,844884,4.262,-13.210,-1.942,
21,162.15,9.792,0,162.24,-4.98,844884,2.990,-9.285,-0.850,
22,162.14,8.040,1,162.24,-5.98,844884,2.452,-7.611,-0.837,
22,162.32,13.964,0,162.42,-5.98,844884,4.218,-13.232,-1.454,
23,162.31,14.004,0,162.42,-6.97,844884,4.224,-13.243,-1.700,
21,162.33,9.812,0,162.42,-4.98,844884,2.967,-9.314,-0.852,
22,162.32,8.048,1,162.42,-5.98,844884,2.431,-7.626,-0.838,
22,162.50,13.956,0,162.60,-5.98,844884,4.174,-13.238,-1.453,
24,162.48,14.016,0,162.60,-7.97,844884,4.179,-13.237,-1.942,
21,162.51,9.820,1,162.60,-4.98,844884,2.940,-9.331,-0.853,
22,162.50,8.044,0,162.60,-5.98,844884,2.406,-7.630,-0.837,
22,162.68,13.944,0,162.78,-5.98,845084,4.129,-13.239,-1.452,
24,162.66,13.972,0,162.78,-7.97,845084,4.124,-13.208,-1.936,
21,162.69,9.828,1,162.78,-4.98,845084,2.913,-9.347,-0.853,
22,162.68,8.052,1,162.78,-5.98,845084,2.384,-7.645,-0.838,
22,162.86,13.936,0,162.96,-5.98,845084,4.085,-13.245,-1.451,
23,162.85,13.964,0,162.96,-6.97,845084,4.087,-13.244,-1.695,
24,162.84,13.988,0,162.96,-7.97,845084,4.087,-13.236,-1.939,
21,162.87,9.824,0,162.96,-4.98,845084,2.883,-9.353,-0.853,
22,162.86,8.056,0,162.96,-5.98,845084,2.361,-7.656,-0.839,
22,163.04,13.908,0,163.14,-5.98,845084,4.035,-13.231,-1.448,
23,163.03,13.944,0,163.14,-6.97,845084,4.040,-13.238,-1.692,
24,163.02,13.980,0,163.14,-7.97,845084,4.043,-13.242,-1.937,
21,163.05,9.828,1,163.14,-4.98,845084,2.854,-9.366,-0.853,
22,163.04,8.052,1,163.14,-5.98,845084,2.336,-7.660,-0.838,
22,163.22,13.904,0,163.32,-5.98,845084,3.992,-13.240,-1.448,
23,163.21,13.948,0,163.32,-6.97,845084,3.999,-13.255,-1.693,
24,163.20,13.956,0,163.32,-7.97,845084,3.995,-13.231,-1.934,
21,163.23,9.824,0,163.32,-4.98,845084,2.824,-9.371,-0.853,
22,163.22,8.044,1,163.32,-5.98,845084,2.310,-7.660,-0.837,
22,163.40,7.876,48,163.50,-5.98,845284,2.238,-7.507,-0.820,
23,163.39,13.920,0,163.50,-6.97,845284,3.950,-13.241,-1.689,
24,163.38,13.940,0,163.50,-7.97,845284,3.949,-13.229,-1.932,
21,163.41,9.836,1,163.50,-4.98,845284,2.798,-9.391,-0.854,
22,163.40,7.876,48,163.50,-5.98,845284,2.238,-7.507,-0.820,
22,163.58,7.848,62,163.68,-5.98,845284,2.206,-7.487,-0.817,
24,163.56,13.940,0,163.68,-7.97,845284,3.907,-13.241,-1.932,
21,163.59,9.848,1,163.68,-4.98,845284,2.772,-9.411,-0.855,
22,163.58,7.848,62,163.68,-5.98,845284,2.206,-7.487,-0.817,
21,163.77,7.904,41,163.86,-4.98,845284,2.201,-7.560,-0.686,
22,163.76,7.840,66,163.86,-5.98,845284,2.181,-7.486,-0.816,
21,163.77,7.904,41,163.86,-4.98,845284,2.201,-7.560,-0.686,
22,163.76,7.840,66,163.86,-5.98,845284,2.181,-7.486,-0.816,
21,163.95,7.876,94,164.04,-4.98,845284,2.169,-7.540,-0.684,
22,163.94,7.832,70,164.04,-5.98,845284,2.155,-7.485,-0.815,
20,163.96,7.900,6,164.04,-3.99,845284,2.179,-7.574,-0.549,
21,163.95,7.876,94,164.04,-4.98,845284,2.169,-7.540,-0.684,
22,163.94,7.832,70,164.04,-5.98,845284,2.155,-7.485,-0.815,
20,164.14,7.884,82,164.22,-3.99,845484,2.151,-7.565,-0.548,
21,164.13,7.868,113,164.22,-4.98,845484,2.143,-7.540,-0.683,
22,164.12,7.820,88,164.22,-5.98,845484,2.128,-7.481,-0.814,
20,164.14,7.884,82,164.22,-3.99,845484,2.151,-7.565,-0.548,
21,164.13,7.868,113,164.22,-4.98,845484,2.143,-7.540,-0.683,
22,164.12,7.820,88,164.22,-5.98,845484,2.128,-7.481,-0.814,
21,164.31,7.876,96,164.40,-4.98,845484,2.122,-7.554,-0.684,
22,164.30,7.832,69,164.40,-5.98,845484,2.108,-7.499,-0.815,
20,164.32,7.896,16,164.40,-3.99,845484,2.130,-7.583,-0.549,
21,164.31,7.876,96,164.40,-4.98,845484,2.122,-7.554,-0.684,
22,164.30,7.832,69,164.40,-5.98,845484,2.108,-7.499,-0.815,
21,164.49,7.900,30,164.58,-4.98,845484,2.105,-7.584,-0.686,
22,164.48,7.840,65,164.58,-5.98,845484,2.086,-7.513,-0.816,
20,164.50,7.892,0,164.58,-3.99,845484,2.105,-7.586,-0.549,
21,164.49,7.900,30,164.58,-4.98,845484,2.105,-7.584,-0.686,
22,164.48,7.840,65,164.58,-5.98,845484,2.086,-7.513,-0.816,
22,164.66,7.852,60,164.76,-5.98,845484,2.066,-7.531,-0.817,
23,164.65,13.832,0,164.76,-6.97,845484,3.634,-13.240,-1.679,
24,164.64,13.836,0,164.76,-7.97,845484,3.630,-13.213,-1.917,
21,164.67,7.884,0,164.76,-4.98,845484,2.076,-7.575,-0.685,
22,164.66,7.852,60,164.76,-5.98,845484,2.066,-7.531,-0.817,
22,164.84,7.880,37,164.94,-5.98,845684,2.050,-7.564,-0.820,
23,164.83,13.824,0,164.94,-6.97,845684,3.591,-13.244,-1.678,
24,164.82,13.848,0,164.94,-7.97,845684,3.591,-13.236,-1.919,
21,164.85,9.836,1,164.94,-4.98,845684,2.561,-9.458,-0.854,
22,164.84,7.880,37,164.94,-5.98,845684,2.050,-7.564,-0.820,
22,165.02,13.784,0,165.12,-5.98,845684,3.544,-13.243,-1.435,
23,165.01,13.816,0,165.12,-6.97,845684,3.547,-13.247,-1.677,
24,165.00,13.832,0,165.12,-7.97,845684,3.545,-13.232,-1.917,
21,165.03,9.832,2,165.12,-4.98,845684,2.530,-9.462,-0.854,
22,165.02,8.044,2,165.12,-5.98,845684,2.068,-7.728,-0.837,
22,165.20,13.768,0,165.30,-5.98,845684,3.498,-13.239,-1.433,
23,165.19,13.808,0,165.30,-6.97,845684,3.503,-13.251,-1.676,
24,165.18,13.812,0,165.30,-7.97,845684,3.499,-13.224,-1.914,
21,165.21,9.828,1,165.30,-4.98,845684,2.499,-9.466,-0.853,
22,165.20,8.080,0,165.30,-5.98,845684,2.053,-7.769,-0.841,
22,165.38,13.768,0,165.48,-5.98,845684,3.456,-13.250,-1.433,
23,165.37,13.784,0,165.48,-6.97,845684,3.456,-13.238,-1.673,
24,165.36,13.812,0,165.48,-7.97,845684,3.457,-13.235,-1.914,
21,165.39,9.828,2,165.48,-4.98,845684,2.470,-9.474,-0.853,
22,165.38,8.088,1,165.48,-5.98,845684,2.030,-7.784,-0.842,
22,165.56,13.740,0,165.66,-5.98,845884,3.408,-13.234,-1.430,
23,165.55,13.784,0,165.66,-6.97,845884,3.414,-13.249,-1.673,
24,165.54,13.792,0,165.66,-7.97,845884,3.411,-13.226,-1.911,
21,165.57,9.824,2,165.66,-4.98,845884,2.439,-9.478,-0.853,
22,165.56,8.092,1,165.66,-5.98,845884,2.007,-7.794,-0.842,
22,165.74,13.740,0,165.84,-5.98,845884,3.366,-13.244,-1.430,
23,165.73,13.772,0,165.84,-6.97,845884,3.370,-13.248,-1.671,
24,165.72,13.804,0,165.84,-7.97,845884,3.372,-13.248,-1.913,
21,165.75,9.812,2,165.84,-4.98,845884,2.406,-9.474,-0.852,
22,165.74,8.084,1,165.84,-5.98,845884,1.980,-7.792,-0.842,
22,165.92,13.736,0,166.02,-5.98,845884,3.323,-13.251,-1.430,
23,165.91,13.768,0,166.02,-6.97,845884,3.327,-13.255,-1.671,
24,165.90,13.784,0,166.02,-7.97,845884,3.326,-13.240,-1.910,
21,165.93,9.808,2,166.02,-4.98,845884,2.375,-9.478,-0.852,
22,165.92,8.092,1,166.02,-5.98,845884,1.958,-7.806,-0.842,
22,166.10,13.728,0,166.20,-5.98,845884,3.280,-13.254,-1.429,
23,166.09,13.768,0,166.20,-6.97,845884,3.285,-13.265,-1.671,
24,166.08,13.744,0,166.20,-7.97,845884,3.274,-13.212,-1.905,
21,166.11,9.804,4,166.20,-4.98,845884,2.345,-9.481,-0.851,
22,166.10,8.088,1,166.20,-5.98,845884,1.932,-7.808,-0.842,
21,166.29,9.808,5,166.38,-4.98,846084,2.316,-9.493,-0.852,
22,166.28,13.708,0,166.38,-5.98,846084,3.234,-13.244,-1.427,
23,166.27,13.748,0,166.38,-6.97,846084,3.239,-13.256,-1.669,
24,166.26,13.736,0,166.38,-7.97,846084,3.231,-13.214,-1.904,
21,166.29,9.808,5,166.38,-4.98,846084,2.316,-9.493,-0.852,
22,166.28,8.084,1,166.38,-5.98,846084,1.907,-7.811,-0.842,
21,166.47,9.804,5,166.56,-4.98,846084,2.285,-9.496,-0.851,
22,166.46,13.708,0,166.56,-5.98,846084,3.192,-13.255,-1.427,
23,166.45,13.732,0,166.56,-6.97,846084,3.194,-13.251,-1.667,
21,166.47,9.804,5,166.56,-4.98,846084,2.285,-9.496,-0.851,
22,166.46,8.084,2,166.56,-5.98,846084,1.882,-7.817,-0.842,
22,166.64,13.696,0,166.74,-5.98,846084,3.148,-13.253,-1.426,
23,166.63,13.716,0,166.74,-6.97,846084,3.148,-13.246,-1.665,
24,166.62,13.736,0,166.74,-7.97,846084,3.148,-13.234,-1.904,
21,166.65,9.800,3,166.74,-4.98,846084,2.254,-9.499,-0.851,
22,166.64,8.076,2,166.74,-5.98,846084,1.856,-7.815,-0.841,
22,166.82,13.672,0,166.92,-5.98,846084,3.100,-13.240,-1.423,
23,166.81,13.704,0,166.92,-6.97,846084,3.104,-13.244,-1.663,
24,166.80,13.720,0,166.92,-7.97,846084,3.103,-13.229,-1.901,
21,166.83,9.796,3,166.92,-4.98,846084,2.224,-9.502,-0.851,
22,166.82,8.080,2,166.92,-5.98,846084,1.832,-7.824,-0.841,
22,167.00,13.680,0,167.10,-5.98,846284,3.061,-13.257,-1.424,
23,166.99,13.696,0,167.10,-6.97,846284,3.060,-13.246,-1.662,
24,166.98,13.724,0,167.10,-7.97,846284,3.062,-13.242,-1.902,
21,167.01,9.796,4,167.10,-4.98,846284,2.194,-9.509,-0.851,
22,167.00,8.076,2,167.10,-5.98,846284,1.807,-7.826,-0.841,
22,167.18,13.668,0,167.28,-5.98,846284,3.016,-13.255,-1.423,
23,167.17,13.696,0,167.28,-6.97,846284,3.019,-13.255,-1.662,
24,167.16,13.692,0,167.28,-7.97,846284,3.013,-13.221,-1.898,
21,167.19,9.792,3,167.28,-4.98,846284,2.163,-9.512,-0.850,
22,167.18,8.088,3,167.28,-5.98,846284,1.785,-7.844,-0.842,
22,167.36,13.644,0,167.46,-5.98,846284,2.969,-13.241,-1.421,
23,167.35,13.684,0,167.46,-6.97,846284,2.975,-13.253,-1.661,
24,167.34,13.716,0,167.46,-7.97,846284,2.977,-13.253,-1.901,
21,167.37,9.784,3,167.46,-4.98,846284,2.131,-9.511,-0.849,
22,167.36,8.084,1,167.46,-5.98,846284,1.759,-7.845,-0.842,
22,167.54,13.648,0,167.64,-5.98,846284,2.929,-13.254,-1.421,
23,167.53,13.668,0,167.64,-6.97,846284,2.929,-13.247,-1.659,
21,167.55,9.780,3,167.64,-4.98,846284,2.100,-9.514,-0.849,
22,167.54,8.084,2,167.64,-5.98,846284,1.735,-7.851,-0.842,
22,167.72,13.648,0,167.82,-5.98,846484,2.887,-13.263,-1.421,
23,167.71,13.660,0,167.82,-6.97,846484,2.886,-13.248,-1.658,
24,167.70,13.688,0,167.82,-7.97,846484,2.888,-13.245,-1.897,
21,167.73,9.780,2,167.82,-4.98,846484,2.071,-9.521,-0.849,
22,167.72,8.092,2,167.82,-5.98,846484,1.712,-7.864,-0.842,
22,167.90,13.628,0,168.00,-5.98,846484,2.841,-13.253,-1.419,
23,167.89,13.656,0,168.00,-6.97,846484,2.844,-13.253,-1.657,
24,167.88,13.664,0,168.00,-7.97,846484,2.841,-13.231,-1.894,
21,167.91,9.772,2,168.00,-4.98,846484,2.039,-9.519,-0.848,
22,167.90,8.088,3,168.00,-5.98,846484,1.686,-7.865,-0.842,
22,168.08,13.624,0,168.18,-5.98,846484,2.799,-13.258,-1.418,
23,168.07,13.636,0,168.18,-6.97,846484,2.798,-13.243,-1.655,
24,168.06,13.664,0,168.18,-7.97,846484,2.800,-13.239,-1.894,
21,168.09,9.768,2,168.18,-4.98,846484,2.008,-9.522,-0.848,
22,168.08,8.092,3,168.18,-5.98,846484,1.662,-7.874,-0.842,
22,168.26,13.628,0,168.36,-5.98,846484,2.758,-13.270,-1.419,
23,168.25,13.620,0,168.36,-6.97,846484,2.753,-13.236,-1.653,
24,168.24,13.652,0,168.36,-7.97,846484,2.756,-13.236,-1.892,
21,168.27,9.776,2,168.36,-4.98,846484,1.980,-9.536,-0.849,
22,168.26,8.088,3,168.36,-5.98,846484,1.637,-7.876,-0.842,
22,168.44,13.616,0,168.54,-5.98,846684,2.714,-13.267,-1.418,
23,168.43,13.612,0,168.54,-6.97,846684,2.710,-13.237,-1.652,
24,168.42,13.612,0,168.54,-7.97,846684,2.706,-13.206,-1.886,
21,168.45,9.768,2,168.54,-4.98,846684,1.948,-9.534,-0.848,
22,168.44,8.088,4,168.54,-5.98,846684,1.612,-7.881,-0.842,
22,168.62,7.860,4,168.72,-5.98,846684,1.542,-7.664,-0.818,
23,168.61,13.596,0,168.72,-6.97,846684,2.665,-13.230,-1.650,
21,168.63,9.772,2,168.72,-4.98,846684,1.919,-9.544,-0.848,
22,168.62,7.860,4,168.72,-5.98,846684,1.542,-7.664,-0.818,
22,168.80,7.788,7,168.90,-5.98,846684,1.504,-7.598,-0.811,
23,168.79,13.616,0,168.90,-6.97,846684,2.627,-13.257,-1.653,
21,168.81,9.776,2,168.90,-4.98,846684,1.890,-9.554,-0.849,
22,168.80,7.788,7,168.90,-5.98,846684,1.504,-7.598,-0.811,
22,168.98,7.772,53,169.08,-5.98,846684,1.478,-7.587,-0.809,
21,168.99,9.772,1,169.08,-4.98,846684,1.859,-9.556,-0.848,
22,168.98,7.772,53,169.08,-5.98,846684,1.478,-7.587,-0.809,
21,169.17,7.772,79,169.26,-4.98,846884,1.455,-7.605,-0.675,
22,169.16,7.752,67,169.26,-5.98,846884,1.450,-7.572,-0.807,
21,169.17,7.772,79,169.26,-4.98,846884,1.455,-7.605,-0.675,
22,169.16,7.752,67,169.26,-5.98,846884,1.450,-7.572,-0.807,
20,169.36,7.784,61,169.44,-3.99,846884,1.435,-7.631,-0.541,
21,169.35,7.764,104,169.44,-4.98,846884,1.429,-7.601,-0.674,
22,169.34,7.744,73,169.44,-5.98,846884,1.425,-7.569,-0.806,
20,169.36,7.784,61,169.44,-3.99,846884,1.435,-7.631,-0.541,
21,169.35,7.764,104,169.44,-4.98,846884,1.429,-7.601,-0.674,
22,169.34,7.744,73,169.44,-5.98,846884,1.425,-7.569,-0.806,
20,169.54,7.776,63,169.62,-3.99,846884,1.410,-7.628,-0.541,
21,169.53,7.760,103,169.62,-4.98,846884,1.405,-7.602,-0.674,
22,169.52,7.744,74,169.62,-5.98,846884,1.401,-7.573,-0.806,
20,169.54,7.776,63,169.62,-3.99,846884,1.410,-7.628,-0.541,
21,169.53,7.760,103,169.62,-4.98,846884,1.405,-7.602,-0.674,
22,169.52,7.744,74,169.62,-5.98,846884,1.401,-7.573,-0.806,
21,169.71,7.776,73,169.80,-4.98,846884,1.384,-7.622,-0.675,
22,169.70,7.760,66,169.80,-5.98,846884,1.380,-7.593,-0.808,
20,169.72,7.780,0,169.80,-3.99,846884,1.386,-7.636,-0.541,
21,169.71,7.776,73,169.80,-4.98,846884,1.384,-7.622,-0.675,
22,169.70,7.760,66,169.80,-5.98,846884,1.380,-7.593,-0.808,
22,169.88,7.772,42,169.98,-5.98,847084,1.358,-7.610,-0.809,
24,169.86,13.576,0,169.98,-7.97,847084,2.367,-13.235,-1.881,
21,169.89,7.788,0,169.98,-4.98,847084,1.362,-7.638,-0.676,
22,169.88,7.772,42,169.98,-5.98,847084,1.358,-7.610,-0.809,
22,170.06,7.812,6,170.16,-5.98,847084,1.341,-7.653,-0.813,
24,170.04,13.564,0,170.16,-7.97,847084,2.323,-13.231,-1.880,
21,170.07,9.760,1,170.16,-4.98,847084,1.677,-9.577,-0.847,
22,170.06,7.812,6,170.16,-5.98,847084,1.341,-7.653,-0.813,
22,170.24,13.544,0,170.34,-5.98,847084,2.284,-13.275,-1.410,
21,170.25,9.756,1,170.34,-4.98,847084,1.646,-9.579,-0.847,
22,170.24,8.000,1,170.34,-5.98,847084,1.349,-7.841,-0.833,
22,170.42,13.512,0,170.52,-5.98,847084,2.237,-13.251,-1.407,
21,170.43,9.748,1,170.52,-4.98,847084,1.615,-9.576,-0.846,
22,170.42,8.096,2,170.52,-5.98,847084,1.340,-7.940,-0.843,
22,170.60,13.508,0,170.70,-5.98,847284,2.194,-13.254,-1.406,
21,170.61,9.752,1,170.70,-4.98,847284,1.585,-9.585,-0.847,
22,170.60,8.084,1,170.70,-5.98,847284,1.313,-7.932,-0.842,
22,170.78,13.500,0,170.88,-5.98,847284,2.151,-13.253,-1.406,
21,170.79,9.740,1,170.88,-4.98,847284,1.553,-9.578,-0.846,
22,170.78,8.084,2,170.88,-5.98,847284,1.288,-7.936,-0.842,
22,170.96,13.488,0,171.06,-5.98,847284,2.108,-13.248,-1.404,
21,170.97,9.744,1,171.06,-4.98,847284,1.524,-9.587,-0.846,
22,170.96,8.080,2,171.06,-5.98,847284,1.263,-7.936,-0.841,
22,171.14,13.492,0,171.24,-5.98,847284,2.067,-13.259,-1.405,
21,171.15,9.748,1,171.24,-4.98,847284,1.494,-9.596,-0.846,
22,171.14,8.080,1,171.24,-5.98,847284,1.238,-7.940,-0.841,
22,171.32,13.484,0,171.42,-5.98,847484,2.024,-13.257,-1.404,
23,171.31,13.504,0,171.42,-6.97,847484,2.025,-13.250,-1.639,
21,171.33,9.744,0,171.42,-4.98,847484,1.463,-9.596,-0.846,
22,171.32,8.076,1,171.42,-5.98,847484,1.212,-7.940,-0.841,
22,171.50,13.464,0,171.60,-5.98,847484,1.979,-13.244,-1.402,
23,171.49,13.508,0,171.60,-6.97,847484,1.984,-13.261,-1.639,
21,171.51,9.736,0,171.60,-4.98,847484,1.432,-9.593,-0.845,
22,171.50,8.076,1,171.60,-5.98,847484,1.187,-7.944,-0.841,
22,171.68,13.480,0,171.78,-5.98,847484,1.940,-13.266,-1.403,
23,171.67,13.516,0,171.78,-6.97,847484,1.944,-13.275,-1.640,
21,171.69,9.732,1,171.78,-4.98,847484,1.401,-9.593,-0.845,
22,171.68,8.072,1,171.78,-5.98,847484,1.162,-7.944,-0.840,
22,171.86,13.468,0,171.96,-5.98,847484,1.897,-13.260,-1.402,
23,171.85,13.492,0,171.96,-6.97,847484,1.899,-13.257,-1.637,
21,171.87,9.732,1,171.96,-4.98,847484,1.371,-9.598,-0.845,
22,171.86,8.080,1,171.96,-5.98,847484,1.138,-7.955,-0.841,
22,172.04,13.456,0,172.14,-5.98,847684,1.853,-13.254,-1.401,
23,172.03,13.496,0,172.14,-6.97,847684,1.857,-13.267,-1.638,
21,172.05,9.728,0,172.14,-4.98,847684,1.340,-9.598,-0.845,
22,172.04,8.068,0,172.14,-5.98,847684,1.111,-7.947,-0.840,
22,172.22,13.456,0,172.32,-5.98,847684,1.812,-13.260,-1.401,
21,172.23,9.720,0,172.32,-4.98,847684,1.309,-9.594,-0.844,
22,172.22,8.072,0,172.32,-5.98,847684,1.087,-7.954,-0.840,
22,172.40,13.444,0,172.50,-5.98,847684,1.768,-13.253,-1.400,
21,172.41,9.724,0,172.50,-4.98,847684,1.280,-9.602,-0.844,
22,172.40,8.068,1,172.50,-5.98,847684,1.061,-7.954,-0.840,
22,172.58,13.444,0,172.68,-5.98,847684,1.727,-13.259,-1.400,
23,172.57,13.464,0,172.68,-6.97,847684,1.728,-13.252,-1.634,
21,172.59,9.732,0,172.68,-4.98,847684,1.250,-9.614,-0.845,
22,172.58,8.076,1,172.68,-5.98,847684,1.037,-7.965,-0.841,
22,172.76,13.440,0,172.86,-5.98,847884,1.685,-13.260,-1.399,
23,172.75,13.468,0,172.86,-6.97,847884,1.687,-13.262,-1.635,
24,172.74,13.480,0,172.86,-7.97,847884,1.687,-13.243,-1.868,
21,172.77,9.720,0,172.86,-4.98,847884,1.219,-9.606,-0.844,
22,172.76,8.068,2,172.86,-5.98,847884,1.011,-7.960,-0.840,
22,172.94,13.428,0,173.04,-5.98,847884,1.641,-13.254,-1.398,
23,172.93,13.460,0,173.04,-6.97,847884,1.644,-13.259,-1.634,
24,172.92,13.472,0,173.04,-7.97,847884,1.644,-13.240,-1.867,
21,172.95,9.716,0,173.04,-4.98,847884,1.188,-9.606,-0.844,
22,172.94,8.068,2,173.04,-5.98,847884,0.986,-7.963,-0.840,
22,173.12,13.424,0,173.22,-5.98,847884,1.599,-13.255,-1.398,
23,173.11,13.468,0,173.22,-6.97,847884,1.604,-13.272,-1.635,
24,173.10,13.476,0,173.22,-7.97,847884,1.603,-13.249,-1.868,
21,173.13,9.712,0,173.22,-4.98,847884,1.157,-9.606,-0.843,
22,173.12,8.060,1,173.22,-5.98,847884,0.960,-7.958,-0.839,
22,173.30,13.412,0,173.40,-5.98,847884,1.556,-13.248,-1.396,
23,173.29,13.464,0,173.40,-6.97,847884,1.562,-13.273,-1.634,
21,173.31,9.712,0,173.40,-4.98,847884,1.127,-9.609,-0.843,
22,173.30,8.060,2,173.40,-5.98,847884,0.935,-7.961,-0.839,
21,173.49,13.392,0,173.58,-4.98,848084,1.513,-13.255,-1.163,
22,173.48,13.408,0,173.58,-5.98,848084,1.514,-13.249,-1.396,
23,173.47,13.436,0,173.58,-6.97,848084,1.517,-13.250,-1.631,
21,173.49,9.696,1,173.58,-4.98,848084,1.095,-9.597,-0.842,
22,173.48,8.056,2,173.58,-5.98,848084,0.910,-7.960,-0.839,
21,173.67,13.408,0,173.76,-4.98,848084,1.473,-13.276,-1.164,
22,173.66,8.052,3,173.76,-5.98,848084,0.884,-7.959,-0.838,
21,173.67,9.708,1,173.76,-4.98,848084,1.066,-9.612,-0.843,
22,173.66,8.052,3,173.76,-5.98,848084,0.884,-7.959,-0.838,
22,173.84,13.492,0,173.94,-5.98,848084,1.440,-13.341,-1.405,
23,173.83,13.524,0,173.94,-6.97,848084,1.443,-13.346,-1.641,
21,173.85,9.688,1,173.94,-4.98,848084,1.034,-9.596,-0.841,
22,173.84,8.044,3,173.94,-5.98,848084,0.858,-7.954,-0.837,
21,174.03,13.472,0,174.12,-4.98,848084,1.396,-13.348,-1.170,
22,174.02,7.764,6,174.12,-5.98,848084,0.804,-7.680,-0.808,
23,174.01,13.508,0,174.12,-6.97,848084,1.399,-13.335,-1.639,
21,174.03,9.696,1,174.12,-4.98,848084,1.005,-9.607,-0.842,
22,174.02,7.764,6,174.12,-5.98,848084,0.804,-7.680,-0.808,
21,174.21,13.472,0,174.30,-4.98,848284,1.354,-13.353,-1.170,
22,174.20,7.732,14,174.30,-5.98,848284,0.777,-7.651,-0.805,
23,174.19,13.508,0,174.30,-6.97,848284,1.357,-13.339,-1.639,
21,174.21,9.692,1,174.30,-4.98,848284,0.974,-9.606,-0.842,
22,174.20,7.732,14,174.30,-5.98,848284,0.777,-7.651,-0.805,
21,174.39,9.692,0,174.48,-4.98,848284,0.944,-9.609,-0.842,
22,174.38,7.712,58,174.48,-5.98,848284,0.751,-7.633,-0.803,
21,174.39,7.752,0,174.48,-4.98,848284,0.755,-7.686,-0.673,
22,174.38,7.712,58,174.48,-5.98,848284,0.751,-7.633,-0.803,
21,174.57,7.720,85,174.66,-4.98,848284,0.728,-7.656,-0.670,
22,174.56,7.692,66,174.66,-5.98,848284,0.725,-7.616,-0.801,
21,174.57,7.720,85,174.66,-4.98,848284,0.728,-7.656,-0.670,
22,174.56,7.692,66,174.66,-5.98,848284,0.725,-7.616,-0.801,
20,174.76,7.724,82,174.84,-3.99,848284,0.705,-7.673,-0.537,
21,174.75,7.712,105,174.84,-4.98,848284,0.703,-7.651,-0.670,
22,174.74,7.688,74,174.84,-5.98,848284,0.701,-7.614,-0.800,
20,174.76,7.724,82,174.84,-3.99,848284,0.705,-7.673,-0.537,
21,174.75,7.712,105,174.84,-4.98,848284,0.703,-7.651,-0.670,
22,174.74,7.688,74,174.84,-5.98,848284,0.701,-7.614,-0.800,
20,174.94,7.736,31,175.02,-3.99,848484,0.682,-7.687,-0.538,
21,174.93,7.716,94,175.02,-4.98,848484,0.679,-7.657,-0.670,
22,174.92,7.688,67,175.02,-5.98,848484,0.677,-7.616,-0.800,
20,174.94,7.736,31,175.02,-3.99,848484,0.682,-7.687,-0.538,
21,174.93,7.716,94,175.02,-4.98,848484,0.679,-7.657,-0.670,
22,174.92,7.688,67,175.02,-5.98,848484,0.677,-7.616,-0.800,
21,175.11,7.736,47,175.20,-4.98,848484,0.657,-7.679,-0.672,
22,175.10,7.688,62,175.20,-5.98,848484,0.653,-7.618,-0.800,
20,175.12,7.744,0,175.20,-3.99,848484,0.659,-7.697,-0.538,
21,175.11,7.736,47,175.20,-4.98,848484,0.657,-7.679,-0.672,
22,175.10,7.688,62,175.20,-5.98,848484,0.653,-7.618,-0.800,
21,175.29,9.668,2,175.38,-4.98,848484,0.791,-9.599,-0.839,
22,175.28,7.696,52,175.38,-5.98,848484,0.630,-7.628,-0.801,
23,175.27,13.496,0,175.38,-6.97,848484,1.105,-13.351,-1.638,
24,175.26,13.484,0,175.38,-7.97,848484,1.103,-13.308,-1.869,
21,175.29,7.716,0,175.38,-4.98,848484,0.631,-7.661,-0.670,
22,175.28,7.696,52,175.38,-5.98,848484,0.630,-7.628,-0.801,
21,175.47,13.440,0,175.56,-4.98,848484,1.057,-13.347,-1.167,
22,175.46,7.716,40,175.56,-5.98,848484,0.607,-7.650,-0.803,
23,175.45,13.484,0,175.56,-6.97,848484,1.062,-13.342,-1.637,
24,175.44,13.456,0,175.56,-7.97,848484,1.059,-13.284,-1.865,
21,175.47,9.668,2,175.56,-4.98,848484,0.761,-9.601,-0.839,
22,175.46,7.716,40,175.56,-5.98,848484,0.607,-7.650,-0.803,
21,175.65,13.452,0,175.74,-4.98,848684,1.016,-13.363,-1.168,
22,175.64,8.032,3,175.74,-5.98,848684,0.607,-7.965,-0.836,
23,175.63,13.468,0,175.74,-6.97,848684,1.019,-13.330,-1.635,
24,175.62,13.472,0,175.74,-7.97,848684,1.019,-13.303,-1.867,
21,175.65,9.680,2,175.74,-4.98,848684,0.731,-9.616,-0.840,
22,175.64,8.032,3,175.74,-5.98,848684,0.607,-7.965,-0.836,
21,175.83,13.452,0,175.92,-4.98,848684,0.974,-13.366,-1.168,
22,175.82,13.452,0,175.92,-5.98,848684,0.975,-13.343,-1.401,
23,175.81,13.468,0,175.92,-6.97,848684,0.977,-13.333,-1.635,
24,175.80,13.464,0,175.92,-7.97,848684,0.977,-13.298,-1.866,
21,175.83,9.672,2,175.92,-4.98,848684,0.701,-9.610,-0.840,
22,175.82,8.052,2,175.92,-5.98,848684,0.584,-7.987,-0.838,
21,176.01,13.432,0,176.10,-4.98,848684,0.931,-13.349,-1.166,
22,176.00,13.444,0,176.10,-5.98,848684,0.933,-13.338,-1.400,
23,175.99,13.468,0,176.10,-6.97,848684,0.935,-13.336,-1.635,
24,175.98,13.476,0,176.10,-7.97,848684,0.936,-13.313,-1.868,
21,176.01,9.676,2,176.10,-4.98,848684,0.671,-9.616,-0.840,
22,176.00,8.064,2,176.10,-5.98,848684,0.559,-8.001,-0.840,
21,176.19,13.444,0,176.28,-4.98,848684,0.890,-13.364,-1.167,
22,176.18,13.452,0,176.28,-5.98,848684,0.891,-13.349,-1.401,
23,176.17,13.480,0,176.28,-6.97,848684,0.894,-13.350,-1.636,
21,176.19,9.684,2,176.28,-4.98,848684,0.641,-9.626,-0.841,
22,176.18,8.064,1,176.28,-5.98,848684,0.534,-8.002,-0.840,
21,176.37,13.428,0,176.46,-4.98,848884,0.847,-13.350,-1.166,
22,176.36,13.444,0,176.46,-5.98,848884,0.849,-13.344,-1.400,
23,176.35,13.472,0,176.46,-6.97,848884,0.851,-13.345,-1.635,
24,176.34,13.444,0,176.46,-7.97,848884,0.850,-13.287,-1.863,
21,176.37,9.680,1,176.46,-4.98,848884,0.611,-9.624,-0.840,
22,176.36,8.064,1,176.46,-5.98,848884,0.509,-8.004,-0.840,
21,176.55,13.432,0,176.64,-4.98,848884,0.805,-13.357,-1.166,
22,176.54,13.436,0,176.64,-5.98,848884,0.806,-13.339,-1.399,
23,176.53,13.464,0,176.64,-6.97,848884,0.809,-13.340,-1.634,
24,176.52,13.488,0,176.64,-7.97,848884,0.811,-13.333,-1.869,
21,176.55,9.672,1,176.64,-4.98,848884,0.580,-9.618,-0.840,
22,176.54,8.060,1,176.64,-5.98,848884,0.484,-8.002,-0.839,
21,176.73,13.436,0,176.82,-4.98,848884,0.764,-13.363,-1.167,
22,176.72,13.444,0,176.82,-5.98,848884,0.765,-13.349,-1.400,
23,176.71,13.476,0,176.82,-6.97,848884,0.768,-13.354,-1.636,
24,176.70,13.452,0,176.82,-7.97,848884,0.767,-13.300,-1.864,
21,176.73,9.676,1,176.82,-4.98,848884,0.550,-9.624,-0.840,
22,176.72,8.060,1,176.82,-5.98,848884,0.459,-8.003,-0.839,
21,176.91,13.436,0,177.00,-4.98,848884,0.722,-13.366,-1.167,
22,176.90,13.436,0,177.00,-5.98,848884,0.723,-13.343,-1.399,
23,176.89,13.448,0,177.00,-6.97,848884,0.724,-13.329,-1.632,
24,176.88,13.488,0,177.00,-7.97,848884,0.727,-13.338,-1.869,
21,176.91,9.676,2,177.00,-4.98,848884,0.520,-9.625,-0.840,
22,176.90,8.064,1,177.00,-5.98,848884,0.434,-8.008,-0.840,
21,177.09,13.424,0,177.18,-4.98,849084,0.679,-13.356,-1.166,
22,177.08,13.436,0,177.18,-5.98,849084,0.681,-13.346,-1.399,
23,177.07,13.476,0,177.18,-6.97,849084,0.684,-13.359,-1.636,
21,177.09,9.668,2,177.18,-4.98,849084,0.489,-9.619,-0.839,
22,177.08,8.068,1,177.18,-5.98,849084,0.409,-8.014,-0.840,
21,177.27,13.432,0,177.36,-4.98,849084,0.637,-13.366,-1.166,
22,177.26,13.428,0,177.36,-5.98,849084,0.638,-13.340,-1.398,
23,177.25,13.448,0,177.36,-6.97,849084,0.640,-13.333,-1.632,
24,177.24,13.484,0,177.36,-7.97,849084,0.643,-13.338,-1.869,
21,177.27,9.676,2,177.36,-4.98,849084,0.459,-9.629,-0.840,
22,177.26,8.056,1,177.36,-5.98,849084,0.383,-8.003,-0.839,
21,177.45,13.424,0,177.54,-4.98,849084,0.595,-13.360,-1.166,
22,177.44,13.432,0,177.54,-5.98,849084,0.597,-13.346,-1.398,
23,177.43,13.456,0,177.54,-6.97,849084,0.599,-13.343,-1.633,
24,177.42,13.492,0,177.54,-7.97,849084,0.601,-13.348,-1.870,
21,177.45,9.672,2,177.54,-4.98,849084,0.429,-9.626,-0.840,
22,177.44,8.056,1,177.54,-5.98,849084,0.358,-8.004,-0.839,
21,177.63,13.432,0,177.72,-4.98,849084,0.553,-13.370,-1.166,
22,177.62,13.428,0,177.72,-5.98,849084,0.555,-13.344,-1.398,
23,177.61,13.448,0,177.72,-6.97,849084,0.557,-13.337,-1.632,
24,177.60,13.504,0,177.72,-7.97,849084,0.560,-13.362,-1.871,
21,177.63,9.680,2,177.72,-4.98,849084,0.399,-9.635,-0.840,
22,177.62,8.060,2,177.72,-5.98,849084,0.333,-8.009,-0.839,
21,177.81,13.440,0,177.90,-4.98,849284,0.512,-13.379,-1.167,
22,177.80,13.424,0,177.90,-5.98,849284,0.513,-13.341,-1.398,
23,177.79,13.456,0,177.90,-6.97,849284,0.515,-13.347,-1.633,
24,177.78,13.508,0,177.90,-7.97,849284,0.518,-13.368,-1.872,
21,177.81,9.680,2,177.90,-4.98,849284,0.369,-9.636,-0.840,
22,177.80,8.056,1,177.90,-5.98,849284,0.308,-8.006,-0.839,
21,177.99,13.424,0,178.08,-4.98,849284,0.469,-13.365,-1.166,
22,177.98,13.424,0,178.08,-5.98,849284,0.471,-13.343,-1.398,
23,177.97,13.480,0,178.08,-6.97,849284,0.474,-13.372,-1.636,
21,177.99,9.676,2,178.08,-4.98,849284,0.338,-9.634,-0.840,
22,177.98,8.056,1,178.08,-5.98,849284,0.282,-8.007,-0.839,
21,178.17,13.420,0,178.26,-4.98,849284,0.427,-13.363,-1.165,
22,178.16,13.424,0,178.26,-5.98,849284,0.429,-13.344,-1.398,
23,178.15,13.464,0,178.26,-6.97,849284,0.431,-13.358,-1.634,
21,178.17,9.680,2,178.26,-4.98,849284,0.308,-9.639,-0.840,
22,178.16,8.064,1,178.26,-5.98,849284,0.258,-8.016,-0.840,
21,178.35,13.420,0,178.44,-4.98,849284,0.385,-13.364,-1.165,
22,178.34,13.432,0,178.44,-5.98,849284,0.387,-13.353,-1.398,
23,178.33,13.460,0,178.44,-6.97,849284,0.389,-13.355,-1.634,
24,178.32,13.516,0,178.44,-7.97,849284,0.392,-13.380,-1.873,
21,178.35,9.676,3,178.44,-4.98,849284,0.278,-9.635,-0.840,
22,178.34,8.068,1,178.44,-5.98,849284,0.232,-8.021,-0.840,
21,178.53,13.424,0,178.62,-4.98,849484,0.343,-13.369,-1.166,
22,178.52,13.420,0,178.62,-5.98,849484,0.345,-13.343,-1.397,
23,178.51,13.472,0,178.62,-6.97,849484,0.348,-13.368,-1.635,
24,178.50,13.496,0,178.62,-7.97,849484,0.350,-13.361,-1.870,
21,178.53,9.680,2,178.62,-4.98,849484,0.247,-9.640,-0.840,
22,178.52,8.060,1,178.62,-5.98,849484,0.207,-8.014,-0.839,
21,178.71,13.416,0,178.80,-4.98,849484,0.301,-13.362,-1.165,
22,178.70,13.428,0,178.80,-5.98,849484,0.303,-13.352,-1.398,
23,178.69,13.468,0,178.80,-6.97,849484,0.306,-13.365,-1.635,
24,178.68,13.484,0,178.80,-7.97,849484,0.308,-13.350,-1.869,
21,178.71,9.676,3,178.80,-4.98,849484,0.217,-9.637,-0.840,
22,178.70,8.064,1,178.80,-5.98,849484,0.182,-8.018,-0.840,
21,178.89,13.420,0,178.98,-4.98,849484,0.259,-13.367,-1.165,
22,178.88,13.424,0,178.98,-5.98,849484,0.261,-13.348,-1.398,
23,178.87,13.452,0,178.98,-6.97,849484,0.263,-13.350,-1.633,
24,178.86,13.484,0,178.98,-7.97,849484,0.266,-13.351,-1.869,
21,178.89,9.680,3,178.98,-4.98,849484,0.187,-9.642,-0.840,
22,178.88,8.064,1,178.98,-5.98,849484,0.157,-8.019,-0.840,
21,179.07,13.416,0,179.16,-4.98,849484,0.217,-13.364,-1.165,
22,179.06,13.416,0,179.16,-5.98,849484,0.219,-13.341,-1.397,
23,179.05,13.456,0,179.16,-6.97,849484,0.221,-13.355,-1.633,
21,179.07,9.680,3,179.16,-4.98,849484,0.157,-9.642,-0.840,
22,179.06,8.060,1,179.16,-5.98,849484,0.132,-8.015,-0.839,
21,179.25,9.676,5,179.34,-4.98,849684,0.126,-9.639,-0.840,
22,179.24,7.784,19,179.34,-5.98,849684,0.103,-7.741,-0.810,
23,179.23,13.448,0,179.34,-6.97,849684,0.179,-13.347,-1.632,
21,179.25,9.676,5,179.34,-4.98,849684,0.126,-9.639,-0.840,
22,179.24,7.784,19,179.34,-5.98,849684,0.103,-7.741,-0.810,
21,179.43,9.676,6,179.52,-4.98,849684,0.096,-9.639,-0.840,
22,179.42,7.768,36,179.52,-5.98,849684,0.078,-7.725,-0.809,
23,179.41,13.448,0,179.52,-6.97,849684,0.137,-13.348,-1.632,
21,179.43,9.676,6,179.52,-4.98,849684,0.096,-9.639,-0.840,
22,179.42,7.768,36,179.52,-5.98,849684,0.078,-7.725,-0.809,
21,179.61,7.800,44,179.70,-4.98,849684,0.053,-7.770,-0.677,
22,179.60,7.764,54,179.70,-5.98,849684,0.054,-7.722,-0.808,
21,179.61,7.800,44,179.70,-4.98,849684,0.053,-7.770,-0.677,
22,179.60,7.764,54,179.70,-5.98,849684,0.054,-7.722,-0.808,
20,179.80,7.796,43,179.88,-3.99,849684,0.029,-7.777,-0.542,
21,179.79,7.772,87,179.88,-4.98,849684,0.028,-7.743,-0.675,
22,179.78,7.752,62,179.88,-5.98,849684,0.030,-7.710,-0.807,
20,179.80,7.796,43,179.88,-3.99,849684,0.029,-7.777,-0.542,
21,179.79,7.772,87,179.88,-4.98,849684,0.028,-7.743,-0.675,
22,179.78,7.752,62,179.88,-5.98,849684,0.030,-7.710,-0.807,
20,179.98,7.784,68,180.06,-3.99,849884,0.004,-7.765,-0.541,
21,179.97,7.764,100,180.06,-4.98,849884,0.004,-7.735,-0.674,
22,179.96,7.744,76,180.06,-5.98,849884,0.005,-7.702,-0.806,
20,179.98,7.784,68,180.06,-3.99,849884,0.004,-7.765,-0.541,
21,179.97,7.764,100,180.06,-4.98,849884,0.004,-7.735,-0.674,
22,179.96,7.744,76,180.06,-5.98,849884,0.005,-7.702,-0.806,
21,180.15,7.772,85,180.24,-4.98,849884,-0.020,-7.743,-0.675,
22,180.14,7.752,59,180.24,-5.98,849884,-0.019,-7.710,-0.807,
20,180.16,7.788,0,180.24,-3.99,849884,-0.020,-7.769,-0.542,
21,180.15,7.772,85,180.24,-4.98,849884,-0.020,-7.743,-0.675,
22,180.14,7.752,59,180.24,-5.98,849884,-0.019,-7.710,-0.807,
21,180.33,9.676,0,180.42,-4.98,849884,-0.056,-9.639,-0.840,
22,180.32,7.756,51,180.42,-5.98,849884,-0.043,-7.714,-0.807,
21,180.33,7.800,5,180.42,-4.98,849884,-0.045,-7.770,-0.677,
22,180.32,7.756,51,180.42,-5.98,849884,-0.043,-7.714,-0.807,
22,180.50,7.760,35,180.60,-5.98,849884,-0.067,-7.718,-0.808,
21,180.51,7.796,0,180.60,-4.98,849884,-0.069,-7.766,-0.677,
22,180.50,7.760,35,180.60,-5.98,849884,-0.067,-7.718,-0.808,
22,180.68,7.784,25,180.78,-5.98,850084,-0.092,-7.741,-0.810,
21,180.69,9.652,1,180.78,-4.98,850084,-0.116,-9.615,-0.838,
22,180.68,7.784,25,180.78,-5.98,850084,-0.092,-7.741,-0.810,
22,180.86,8.036,2,180.96,-5.98,850084,-0.120,-7.991,-0.837,
22,181.04,8.044,3,181.14,-5.98,850084,-0.145,-7.999,-0.837,
22,181.22,8.044,3,181.32,-5.98,850084,-0.170,-7.998,-0.837,
