31,178.51,3.100,7,178.70,-14.98,849396,0.078,-2.994,-0.802,
31,178.51,3.100,7,178.70,-14.98,849396,0.078,-2.994,-0.802,
31,178.69,3.096,8,178.88,-14.98,849596,0.069,-2.990,-0.801,
31,178.69,3.096,8,178.88,-14.98,849596,0.069,-2.990,-0.801,
31,178.87,3.116,8,179.06,-14.98,849596,0.060,-3.009,-0.806,
31,178.87,3.116,8,179.06,-14.98,849596,0.060,-3.009,-0.806,
31,179.05,3.104,8,179.24,-14.98,849596,0.050,-2.998,-0.803,
31,179.05,3.104,8,179.24,-14.98,849596,0.050,-2.998,-0.803,
31,179.23,3.092,8,179.42,-14.98,849596,0.041,-2.987,-0.799,
31,179.23,3.092,8,179.42,-14.98,849596,0.041,-2.987,-0.799,
31,179.41,3.100,10,179.60,-14.98,849796,0.031,-2.994,-0.802,
31,179.41,3.100,10,179.60,-14.98,849796,0.031,-2.994,-0.802,
31,179.59,3.104,10,179.78,-14.98,849796,0.022,-2.998,-0.803,
31,179.59,3.104,10,179.78,-14.98,849796,0.022,-2.998,-0.803,
30,179.78,3.300,26,179.96,-13.97,849796,0.012,-3.202,-0.797,
31,179.77,3.100,9,179.96,-14.98,849796,0.013,-2.995,-0.802,
30,179.78,3.300,26,179.96,-13.97,849796,0.012,-3.202,-0.797,
31,179.77,3.100,9,179.96,-14.98,849796,0.013,-2.995,-0.802,
30,179.96,3.300,10,180.14,-13.97,849796,0.002,-3.202,-0.797,
31,179.95,3.100,9,180.14,-14.98,849796,0.003,-2.995,-0.802,
30,179.96,3.300,10,180.14,-13.97,849796,0.002,-3.202,-0.797,
31,179.95,3.100,9,180.14,-14.98,849796,0.003,-2.995,-0.802,
30,180.14,3.288,11,180.32,-13.97,849996,-0.008,-3.191,-0.794,
31,180.13,3.096,9,180.32,-14.98,849996,-0.006,-2.991,-0.801,
30,180.14,3.288,11,180.32,-13.97,849996,-0.008,-3.191,-0.794,
31,180.13,3.096,9,180.32,-14.98,849996,-0.006,-2.991,-0.801,
30,180.32,3.248,28,180.50,-13.97,849996,-0.018,-3.152,-0.784,
31,180.31,3.104,9,180.50,-14.98,849996,-0.016,-2.998,-0.803,
30,180.32,3.248,28,180.50,-13.97,849996,-0.018,-3.152,-0.784,
31,180.31,3.104,9,180.50,-14.98,849996,-0.016,-2.998,-0.803,
29,180.51,3.472,6,180.68,-12.97,849996,-0.030,-3.383,-0.779,
30,180.50,3.232,44,180.68,-13.97,849996,-0.027,-3.136,-0.780,
31,180.49,3.096,8,180.68,-14.98,849996,-0.025,-2.991,-0.801,
29,180.51,3.472,6,180.68,-12.97,849996,-0.030,-3.383,-0.779,
30,180.50,3.232,44,180.68,-13.97,849996,-0.027,-3.136,-0.780,
31,180.49,3.096,8,180.68,-14.98,849996,-0.025,-2.991,-0.801,
28,180.71,3.400,1,180.86,-11.96,849996,-0.041,-3.326,-0.705,
29,180.69,3.444,6,180.86,-12.97,849996,-0.040,-3.356,-0.773,
30,180.68,3.232,46,180.86,-13.97,849996,-0.037,-3.136,-0.780,
31,180.67,3.108,8,180.86,-14.98,849996,-0.035,-3.002,-0.804,
27,180.72,3.228,0,180.86,-10.96,849996,-0.039,-3.169,-0.614,
28,180.71,3.400,1,180.86,-11.96,849996,-0.041,-3.326,-0.705,
29,180.69,3.444,6,180.86,-12.97,849996,-0.040,-3.356,-0.773,
30,180.68,3.232,46,180.86,-13.97,849996,-0.037,-3.136,-0.780,
31,180.67,3.108,8,180.86,-14.98,849996,-0.035,-3.002,-0.804,
28,180.89,3.344,3,181.04,-11.96,850196,-0.050,-3.271,-0.693,
29,180.87,3.408,6,181.04,-12.97,850196,-0.050,-3.321,-0.765,
30,180.86,3.224,40,181.04,-13.97,850196,-0.047,-3.128,-0.779,
31,180.85,3.108,10,181.04,-14.98,850196,-0.044,-3.002,-0.804,
26,180.91,3.216,0,181.04,-9.96,850196,-0.050,-3.167,-0.556,
27,180.90,3.216,1,181.04,-10.96,850196,-0.049,-3.157,-0.612,
28,180.89,3.344,3,181.04,-11.96,850196,-0.050,-3.271,-0.693,
29,180.87,3.408,6,181.04,-12.97,850196,-0.050,-3.321,-0.765,
30,180.86,3.224,40,181.04,-13.97,850196,-0.047,-3.128,-0.779,
31,180.85,3.108,10,181.04,-14.98,850196,-0.044,-3.002,-0.804,
28,181.07,3.252,5,181.22,-11.96,850196,-0.059,-3.181,-0.674,
29,181.05,3.260,8,181.22,-12.97,850196,-0.058,-3.176,-0.732,
30,181.04,3.224,37,181.22,-13.97,850196,-0.057,-3.128,-0.779,
31,181.03,3.112,10,181.22,-14.98,850196,-0.054,-3.006,-0.805,
25,181.10,3.212,0,181.22,-8.96,850196,-0.060,-3.172,-0.500,
26,181.09,3.220,0,181.22,-9.96,850196,-0.060,-3.171,-0.557,
27,181.08,3.208,3,181.22,-10.96,850196,-0.059,-3.149,-0.610,
28,181.07,3.252,5,181.22,-11.96,850196,-0.059,-3.181,-0.674,
29,181.05,3.260,8,181.22,-12.97,850196,-0.058,-3.176,-0.732,
30,181.04,3.224,37,181.22,-13.97,850196,-0.057,-3.128,-0.779,
31,181.03,3.112,10,181.22,-14.98,850196,-0.054,-3.006,-0.805,
27,181.26,3.208,5,181.40,-10.96,850196,-0.069,-3.149,-0.610,
28,181.25,3.224,24,181.40,-11.96,850196,-0.068,-3.153,-0.668,
29,181.23,3.236,49,181.40,-12.97,850196,-0.068,-3.153,-0.726,
30,181.22,3.224,38,181.40,-13.97,850196,-0.067,-3.128,-0.779,
31,181.21,3.108,11,181.40,-14.98,850196,-0.063,-3.002,-0.804,
25,181.28,3.212,1,181.40,-8.96,850196,-0.070,-3.172,-0.500,
26,181.27,3.204,1,181.40,-9.96,850196,-0.069,-3.155,-0.554,
27,181.26,3.208,5,181.40,-10.96,850196,-0.069,-3.149,-0.610,
28,181.25,3.224,24,181.40,-11.96,850196,-0.068,-3.153,-0.668,
29,181.23,3.236,49,181.40,-12.97,850196,-0.068,-3.153,-0.726,
30,181.22,3.224,38,181.40,-13.97,850196,-0.067,-3.128,-0.779,
31,181.21,3.108,11,181.40,-14.98,850196,-0.063,-3.002,-0.804,
26,181.45,3.212,6,181.58,-9.96,850196,-0.080,-3.163,-0.556,
27,181.44,3.212,23,181.58,-10.96,850196,-0.079,-3.152,-0.611,
28,181.43,3.212,62,181.58,-11.96,850196,-0.078,-3.141,-0.666,
29,181.41,3.212,59,181.58,-12.97,850196,-0.077,-3.129,-0.721,
30,181.40,3.224,43,181.58,-13.97,850196,-0.076,-3.128,-0.779,
31,181.39,3.116,17,181.58,-14.98,850196,-0.072,-3.009,-0.806,
25,181.46,3.212,2,181.58,-8.96,850196,-0.080,-3.172,-0.500,
26,181.45,3.212,6,181.58,-9.96,850196,-0.080,-3.163,-0.556,
27,181.44,3.212,23,181.58,-10.96,850196,-0.079,-3.152,-0.611,
28,181.43,3.212,62,181.58,-11.96,850196,-0.078,-3.141,-0.666,
29,181.41,3.212,59,181.58,-12.97,850196,-0.077,-3.129,-0.721,
30,181.40,3.224,43,181.58,-13.97,850196,-0.076,-3.128,-0.779,
31,181.39,3.116,17,181.58,-14.98,850196,-0.072,-3.009,-0.806,
25,181.64,3.228,3,181.76,-8.96,850396,-0.091,-3.187,-0.503,
26,181.63,3.228,16,181.76,-9.96,850396,-0.090,-3.178,-0.559,
27,181.62,3.208,65,181.76,-10.96,850396,-0.088,-3.148,-0.610,
28,181.61,3.204,76,181.76,-11.96,850396,-0.088,-3.133,-0.664,
29,181.59,3.204,61,181.76,-12.97,850396,-0.087,-3.121,-0.719,
30,181.58,3.220,48,181.76,-13.97,850396,-0.086,-3.124,-0.778,
31,181.57,3.112,18,181.76,-14.98,850396,-0.082,-3.005,-0.805,
25,181.64,3.228,3,181.76,-8.96,850396,-0.091,-3.187,-0.503,
26,181.63,3.228,16,181.76,-9.96,850396,-0.090,-3.178,-0.559,
27,181.62,3.208,65,181.76,-10.96,850396,-0.088,-3.148,-0.610,
28,181.61,3.204,76,181.76,-11.96,850396,-0.088,-3.133,-0.664,
29,181.59,3.204,61,181.76,-12.97,850396,-0.087,-3.121,-0.719,
30,181.58,3.220,48,181.76,-13.97,850396,-0.086,-3.124,-0.778,
31,181.57,3.112,18,181.76,-14.98,850396,-0.082,-3.005,-0.805,
25,181.82,3.224,10,181.94,-8.96,850396,-0.101,-3.183,-0.502,
26,181.81,3.220,54,181.94,-9.96,850396,-0.100,-3.170,-0.557,
27,181.80,3.204,80,181.94,-10.96,850396,-0.098,-3.144,-0.609,
28,181.79,3.204,85,181.94,-11.96,850396,-0.097,-3.133,-0.664,
29,181.77,3.204,65,181.94,-12.97,850396,-0.096,-3.121,-0.719,
30,181.76,3.212,53,181.94,-13.97,850396,-0.096,-3.115,-0.776,
31,181.75,3.120,18,181.94,-14.98,850396,-0.092,-3.013,-0.807,
25,181.82,3.224,10,181.94,-8.96,850396,-0.101,-3.183,-0.502,
26,181.81,3.220,54,181.94,-9.96,850396,-0.100,-3.170,-0.557,
27,181.80,3.204,80,181.94,-10.96,850396,-0.098,-3.144,-0.609,
28,181.79,3.204,85,181.94,-11.96,850396,-0.097,-3.133,-0.664,
29,181.77,3.204,65,181.94,-12.97,850396,-0.096,-3.121,-0.719,
30,181.76,3.212,53,181.94,-13.97,850396,-0.096,-3.115,-0.776,
31,181.75,3.120,18,181.94,-14.98,850396,-0.092,-3.013,-0.807,
25,182.00,3.216,59,182.12,-8.96,850396,-0.110,-3.175,-0.501,
26,181.99,3.212,65,182.12,-9.96,850396,-0.109,-3.162,-0.556,
27,181.98,3.200,88,182.12,-10.96,850396,-0.108,-3.140,-0.609,
28,181.97,3.196,91,182.12,-11.96,850396,-0.107,-3.125,-0.662,
29,181.95,3.204,69,182.12,-12.97,850396,-0.106,-3.120,-0.719,
30,181.94,3.212,57,182.12,-13.97,850396,-0.106,-3.115,-0.776,
31,181.93,3.120,18,182.12,-14.98,850396,-0.101,-3.012,-0.807,
25,182.00,3.216,59,182.12,-8.96,850396,-0.110,-3.175,-0.501,
26,181.99,3.212,65,182.12,-9.96,850396,-0.109,-3.162,-0.556,
27,181.98,3.200,88,182.12,-10.96,850396,-0.108,-3.140,-0.609,
28,181.97,3.196,91,182.12,-11.96,850396,-0.107,-3.125,-0.662,
29,181.95,3.204,69,182.12,-12.97,850396,-0.106,-3.120,-0.719,
30,181.94,3.212,57,182.12,-13.97,850396,-0.106,-3.115,-0.776,
31,181.93,3.120,18,182.12,-14.98,850396,-0.101,-3.012,-0.807,
25,182.18,3.208,67,182.30,-8.96,850396,-0.120,-3.167,-0.500,
26,182.17,3.204,77,182.30,-9.96,850396,-0.119,-3.153,-0.554,
27,182.16,3.196,92,182.30,-10.96,850396,-0.118,-3.135,-0.608,
28,182.15,3.196,97,182.30,-11.96,850396,-0.117,-3.124,-0.662,
29,182.13,3.200,86,182.30,-12.97,850396,-0.116,-3.116,-0.718,
30,182.12,3.200,64,182.30,-13.97,850396,-0.115,-3.103,-0.773,
31,182.11,3.116,18,182.30,-14.98,850396,-0.110,-3.008,-0.806,
25,182.18,3.208,67,182.30,-8.96,850396,-0.120,-3.167,-0.500,
26,182.17,3.204,77,182.30,-9.96,850396,-0.119,-3.153,-0.554,
27,182.16,3.196,92,182.30,-10.96,850396,-0.118,-3.135,-0.608,
28,182.15,3.196,97,182.30,-11.96,850396,-0.117,-3.124,-0.662,
29,182.13,3.200,86,182.30,-12.97,850396,-0.116,-3.116,-0.718,
30,182.12,3.200,64,182.30,-13.97,850396,-0.115,-3.103,-0.773,
31,182.11,3.116,18,182.30,-14.98,850396,-0.110,-3.008,-0.806,
25,182.36,3.204,64,182.48,-8.96,850596,-0.130,-3.162,-0.499,
26,182.35,3.196,82,182.48,-9.96,850596,-0.129,-3.145,-0.553,
27,182.34,3.196,93,182.48,-10.96,850596,-0.128,-3.135,-0.608,
28,182.33,3.196,95,182.48,-11.96,850596,-0.127,-3.124,-0.662,
29,182.31,3.204,79,182.48,-12.97,850596,-0.126,-3.120,-0.719,
30,182.30,3.208,69,182.48,-13.97,850596,-0.125,-3.111,-0.775,
31,182.29,3.108,18,182.48,-14.98,850596,-0.119,-3.000,-0.804,
25,182.36,3.204,64,182.48,-8.96,850596,-0.130,-3.162,-0.499,
26,182.35,3.196,82,182.48,-9.96,850596,-0.129,-3.145,-0.553,
27,182.34,3.196,93,182.48,-10.96,850596,-0.128,-3.135,-0.608,
28,182.33,3.196,95,182.48,-11.96,850596,-0.127,-3.124,-0.662,
29,182.31,3.204,79,182.48,-12.97,850596,-0.126,-3.120,-0.719,
30,182.30,3.208,69,182.48,-13.97,850596,-0.125,-3.111,-0.775,
31,182.29,3.108,18,182.48,-14.98,850596,-0.119,-3.000,-0.804,
25,182.54,3.216,52,182.66,-8.96,850596,-0.140,-3.174,-0.501,
26,182.53,3.208,58,182.66,-9.96,850596,-0.139,-3.157,-0.555,
27,182.52,3.200,85,182.66,-10.96,850596,-0.138,-3.139,-0.609,
28,182.51,3.200,88,182.66,-11.96,850596,-0.137,-3.128,-0.663,
29,182.49,3.200,65,182.66,-12.97,850596,-0.135,-3.115,-0.718,
30,182.48,3.208,57,182.66,-13.97,850596,-0.135,-3.110,-0.775,
31,182.47,3.116,11,182.66,-14.98,850596,-0.129,-3.007,-0.806,
25,182.54,3.216,52,182.66,-8.96,850596,-0.140,-3.174,-0.501,
26,182.53,3.208,58,182.66,-9.96,850596,-0.139,-3.157,-0.555,
27,182.52,3.200,85,182.66,-10.96,850596,-0.138,-3.139,-0.609,
28,182.51,3.200,88,182.66,-11.96,850596,-0.137,-3.128,-0.663,
29,182.49,3.200,65,182.66,-12.97,850596,-0.135,-3.115,-0.718,
30,182.48,3.208,57,182.66,-13.97,850596,-0.135,-3.110,-0.775,
31,182.47,3.116,11,182.66,-14.98,850596,-0.129,-3.007,-0.806,
26,182.71,3.212,47,182.84,-9.96,850596,-0.149,-3.160,-0.556,
27,182.70,3.208,77,182.84,-10.96,850596,-0.148,-3.146,-0.610,
28,182.69,3.200,81,182.84,-11.96,850596,-0.146,-3.127,-0.663,
29,182.67,3.204,61,182.84,-12.97,850596,-0.145,-3.119,-0.719,
30,182.66,3.212,54,182.84,-13.97,850596,-0.145,-3.114,-0.776,
31,182.65,3.108,11,182.84,-14.98,850596,-0.138,-2.999,-0.804,
25,182.72,3.212,4,182.84,-8.96,850596,-0.150,-3.169,-0.500,
26,182.71,3.212,47,182.84,-9.96,850596,-0.149,-3.160,-0.556,
27,182.70,3.208,77,182.84,-10.96,850596,-0.148,-3.146,-0.610,
28,182.69,3.200,81,182.84,-11.96,850596,-0.146,-3.127,-0.663,
29,182.67,3.204,61,182.84,-12.97,850596,-0.145,-3.119,-0.719,
30,182.66,3.212,54,182.84,-13.97,850596,-0.145,-3.114,-0.776,
31,182.65,3.108,11,182.84,-14.98,850596,-0.138,-2.999,-0.804,
27,182.88,3.208,64,183.02,-10.96,850596,-0.158,-3.145,-0.610,
28,182.87,3.212,73,183.02,-11.96,850596,-0.157,-3.138,-0.666,
29,182.85,3.216,58,183.02,-12.97,850596,-0.156,-3.130,-0.722,
30,182.84,3.224,49,183.02,-13.97,850596,-0.155,-3.125,-0.779,
31,182.83,3.104,11,183.02,-14.98,850596,-0.148,-2.995,-0.803,
25,182.90,3.196,0,183.02,-8.96,850596,-0.159,-3.153,-0.498,
26,182.89,3.220,3,183.02,-9.96,850596,-0.159,-3.167,-0.557,
27,182.88,3.208,64,183.02,-10.96,850596,-0.158,-3.145,-0.610,
28,182.87,3.212,73,183.02,-11.96,850596,-0.157,-3.138,-0.666,
29,182.85,3.216,58,183.02,-12.97,850596,-0.156,-3.130,-0.722,
30,182.84,3.224,49,183.02,-13.97,850596,-0.155,-3.125,-0.779,
31,182.83,3.104,11,183.02,-14.98,850596,-0.148,-2.995,-0.803,
27,183.06,3.224,21,183.20,-10.96,850796,-0.168,-3.161,-0.613,
28,183.05,3.220,58,183.20,-11.96,850796,-0.167,-3.146,-0.667,
29,183.03,3.220,52,183.20,-12.97,850796,-0.166,-3.134,-0.723,
30,183.02,3.224,43,183.20,-13.97,850796,-0.165,-3.124,-0.779,
31,183.01,3.104,10,183.20,-14.98,850796,-0.157,-2.994,-0.803,
26,183.07,3.220,0,183.20,-9.96,850796,-0.169,-3.167,-0.557,
27,183.06,3.224,21,183.20,-10.96,850796,-0.168,-3.161,-0.613,
28,183.05,3.220,58,183.20,-11.96,850796,-0.167,-3.146,-0.667,
29,183.03,3.220,52,183.20,-12.97,850796,-0.166,-3.134,-0.723,
30,183.02,3.224,43,183.20,-13.97,850796,-0.165,-3.124,-0.779,
31,183.01,3.104,10,183.20,-14.98,850796,-0.157,-2.994,-0.803,
28,183.23,3.236,12,183.38,-11.96,850796,-0.178,-3.161,-0.671,
29,183.21,3.236,44,183.38,-12.97,850796,-0.177,-3.149,-0.726,
30,183.20,3.228,39,183.38,-13.97,850796,-0.175,-3.128,-0.780,
31,183.19,3.108,10,183.38,-14.98,850796,-0.167,-2.998,-0.804,
27,183.24,3.224,0,183.38,-10.96,850796,-0.178,-3.160,-0.613,
28,183.23,3.236,12,183.38,-11.96,850796,-0.178,-3.161,-0.671,
29,183.21,3.236,44,183.38,-12.97,850796,-0.177,-3.149,-0.726,
30,183.20,3.228,39,183.38,-13.97,850796,-0.175,-3.128,-0.780,
31,183.19,3.108,10,183.38,-14.98,850796,-0.167,-2.998,-0.804,
28,183.41,3.776,2,183.56,-11.96,850796,-0.219,-3.688,-0.783,
29,183.39,3.284,7,183.56,-12.97,850796,-0.189,-3.195,-0.737,
30,183.38,3.228,37,183.56,-13.97,850796,-0.185,-3.127,-0.780,
31,183.37,3.104,9,183.56,-14.98,850796,-0.176,-2.993,-0.803,
27,183.42,3.276,0,183.56,-10.96,850796,-0.191,-3.211,-0.623,
28,183.41,3.776,2,183.56,-11.96,850796,-0.219,-3.688,-0.783,
29,183.39,3.284,7,183.56,-12.97,850796,-0.189,-3.195,-0.737,
30,183.38,3.228,37,183.56,-13.97,850796,-0.185,-3.127,-0.780,
31,183.37,3.104,9,183.56,-14.98,850796,-0.176,-2.993,-0.803,
28,183.59,3.812,3,183.74,-11.96,850796,-0.233,-3.722,-0.790,
29,183.57,3.540,5,183.74,-12.97,850796,-0.215,-3.443,-0.794,
30,183.56,3.224,38,183.74,-13.97,850796,-0.194,-3.123,-0.779,
31,183.55,3.096,9,183.74,-14.98,850796,-0.185,-2.985,-0.801,
28,183.59,3.812,3,183.74,-11.96,850796,-0.233,-3.722,-0.790,
29,183.57,3.540,5,183.74,-12.97,850796,-0.215,-3.443,-0.794,
30,183.56,3.224,38,183.74,-13.97,850796,-0.194,-3.123,-0.779,
31,183.55,3.096,9,183.74,-14.98,850796,-0.185,-2.985,-0.801,
28,183.77,3.844,3,183.92,-11.96,850996,-0.247,-3.752,-0.797,
29,183.75,3.548,5,183.92,-12.97,850996,-0.226,-3.450,-0.796,
30,183.74,3.224,42,183.92,-13.97,850996,-0.204,-3.122,-0.779,
31,183.73,3.100,8,183.92,-14.98,850996,-0.194,-2.988,-0.802,
28,183.77,3.844,3,183.92,-11.96,850996,-0.247,-3.752,-0.797,
29,183.75,3.548,5,183.92,-12.97,850996,-0.226,-3.450,-0.796,
30,183.74,3.224,42,183.92,-13.97,850996,-0.204,-3.122,-0.779,
31,183.73,3.100,8,183.92,-14.98,850996,-0.194,-2.988,-0.802,
28,183.95,3.864,4,184.10,-11.96,850996,-0.260,-3.771,-0.801,
29,183.93,3.556,5,184.10,-12.97,850996,-0.238,-3.457,-0.798,
30,183.92,3.224,45,184.10,-13.97,850996,-0.214,-3.121,-0.779,
31,183.91,3.096,8,184.10,-14.98,850996,-0.203,-2.984,-0.801,
28,183.95,3.864,4,184.10,-11.96,850996,-0.260,-3.771,-0.801,
29,183.93,3.556,5,184.10,-12.97,850996,-0.238,-3.457,-0.798,
30,183.92,3.224,45,184.10,-13.97,850996,-0.214,-3.121,-0.779,
31,183.91,3.096,8,184.10,-14.98,850996,-0.203,-2.984,-0.801,
28,184.13,3.852,4,184.28,-11.96,850996,-0.271,-3.759,-0.798,
29,184.11,3.572,5,184.28,-12.97,850996,-0.249,-3.472,-0.802,
30,184.10,3.272,43,184.28,-13.97,850996,-0.227,-3.167,-0.790,
31,184.09,3.096,8,184.28,-14.98,850996,-0.213,-2.983,-0.801,
28,184.13,3.852,4,184.28,-11.96,850996,-0.271,-3.759,-0.798,
29,184.11,3.572,5,184.28,-12.97,850996,-0.249,-3.472,-0.802,
30,184.10,3.272,43,184.28,-13.97,850996,-0.227,-3.167,-0.790,
31,184.09,3.096,8,184.28,-14.98,850996,-0.213,-2.983,-0.801,
28,184.31,3.872,4,184.46,-11.96,850996,-0.284,-3.777,-0.803,
29,184.29,3.564,5,184.46,-12.97,850996,-0.260,-3.463,-0.800,
30,184.28,3.300,13,184.46,-13.97,850996,-0.239,-3.193,-0.797,
31,184.27,3.096,8,184.46,-14.98,850996,-0.222,-2.982,-0.801,
28,184.31,3.872,4,184.46,-11.96,850996,-0.284,-3.777,-0.803,
29,184.29,3.564,5,184.46,-12.97,850996,-0.260,-3.463,-0.800,
30,184.28,3.300,13,184.46,-13.97,850996,-0.239,-3.193,-0.797,
31,184.27,3.096,8,184.46,-14.98,850996,-0.222,-2.982,-0.801,
28,184.49,3.860,5,184.64,-11.96,851196,-0.295,-3.765,-0.800,
29,184.47,3.560,5,184.64,-12.97,851196,-0.270,-3.459,-0.799,
30,184.46,3.312,9,184.64,-13.97,851196,-0.250,-3.204,-0.800,
31,184.45,3.096,8,184.64,-14.98,851196,-0.232,-2.982,-0.801,
28,184.49,3.860,5,184.64,-11.96,851196,-0.295,-3.765,-0.800,
29,184.47,3.560,5,184.64,-12.97,851196,-0.270,-3.459,-0.799,
30,184.46,3.312,9,184.64,-13.97,851196,-0.250,-3.204,-0.800,
31,184.45,3.096,8,184.64,-14.98,851196,-0.232,-2.982,-0.801,
28,184.67,3.864,5,184.82,-11.96,851196,-0.307,-3.768,-0.801,
29,184.65,3.576,5,184.82,-12.97,851196,-0.283,-3.473,-0.802,
30,184.64,3.312,8,184.82,-13.97,851196,-0.260,-3.203,-0.800,
31,184.63,3.088,8,184.82,-14.98,851196,-0.240,-2.973,-0.798,
28,184.67,3.864,5,184.82,-11.96,851196,-0.307,-3.768,-0.801,
29,184.65,3.576,5,184.82,-12.97,851196,-0.283,-3.473,-0.802,
30,184.64,3.312,8,184.82,-13.97,851196,-0.260,-3.203,-0.800,
31,184.63,3.088,8,184.82,-14.98,851196,-0.240,-2.973,-0.798,
28,184.85,3.864,5,185.00,-11.96,851196,-0.319,-3.767,-0.801,
29,184.83,3.568,5,185.00,-12.97,851196,-0.293,-3.465,-0.801,
30,184.82,3.312,8,185.00,-13.97,851196,-0.270,-3.203,-0.800,
31,184.81,3.092,8,185.00,-14.98,851196,-0.250,-2.976,-0.799,
28,184.85,3.864,5,185.00,-11.96,851196,-0.319,-3.767,-0.801,
29,184.83,3.568,5,185.00,-12.97,851196,-0.293,-3.465,-0.801,
30,184.82,3.312,8,185.00,-13.97,851196,-0.270,-3.203,-0.800,
31,184.81,3.092,8,185.00,-14.98,851196,-0.250,-2.976,-0.799,
28,185.03,3.852,5,185.18,-11.96,851196,-0.330,-3.754,-0.798,
29,185.01,3.564,5,185.18,-12.97,851196,-0.303,-3.460,-0.800,
30,185.00,3.312,7,185.18,-13.97,851196,-0.280,-3.202,-0.800,
31,184.99,3.100,8,185.18,-14.98,851196,-0.260,-2.983,-0.802,
28,185.03,3.852,5,185.18,-11.96,851196,-0.330,-3.754,-0.798,
29,185.01,3.564,5,185.18,-12.97,851196,-0.303,-3.460,-0.800,
30,185.00,3.312,7,185.18,-13.97,851196,-0.280,-3.202,-0.800,
31,184.99,3.100,8,185.18,-14.98,851196,-0.260,-2.983,-0.802,
28,185.21,3.868,5,185.36,-11.96,851396,-0.343,-3.768,-0.802,
29,185.19,3.552,5,185.36,-12.97,851396,-0.313,-3.447,-0.797,
30,185.18,3.316,8,185.36,-13.97,851396,-0.291,-3.205,-0.801,
31,185.17,3.092,8,185.36,-14.98,851396,-0.269,-2.975,-0.799,
28,185.21,3.868,5,185.36,-11.96,851396,-0.343,-3.768,-0.802,
29,185.19,3.552,5,185.36,-12.97,851396,-0.313,-3.447,-0.797,
30,185.18,3.316,8,185.36,-13.97,851396,-0.291,-3.205,-0.801,
31,185.17,3.092,8,185.36,-14.98,851396,-0.269,-2.975,-0.799,
28,185.39,3.852,4,185.54,-11.96,851396,-0.353,-3.752,-0.798,
29,185.37,3.564,5,185.54,-12.97,851396,-0.325,-3.458,-0.800,
30,185.36,3.316,9,185.54,-13.97,851396,-0.301,-3.204,-0.801,
31,185.35,3.088,8,185.54,-14.98,851396,-0.278,-2.970,-0.798,
28,185.39,3.852,4,185.54,-11.96,851396,-0.353,-3.752,-0.798,
29,185.37,3.564,5,185.54,-12.97,851396,-0.325,-3.458,-0.800,
30,185.36,3.316,9,185.54,-13.97,851396,-0.301,-3.204,-0.801,
31,185.35,3.088,8,185.54,-14.98,851396,-0.278,-2.970,-0.798,
28,185.57,3.860,5,185.72,-11.96,851396,-0.366,-3.758,-0.800,
29,185.55,3.560,5,185.72,-12.97,851396,-0.336,-3.453,-0.799,
30,185.54,3.312,13,185.72,-13.97,851396,-0.310,-3.199,-0.800,
31,185.53,3.096,8,185.72,-14.98,851396,-0.288,-2.977,-0.801,
28,185.57,3.860,5,185.72,-11.96,851396,-0.366,-3.758,-0.800,
29,185.55,3.560,5,185.72,-12.97,851396,-0.336,-3.453,-0.799,
30,185.54,3.312,13,185.72,-13.97,851396,-0.310,-3.199,-0.800,
31,185.53,3.096,8,185.72,-14.98,851396,-0.288,-2.977,-0.801,
28,185.75,3.852,5,185.90,-11.96,851396,-0.377,-3.749,-0.798,
29,185.73,3.564,5,185.90,-12.97,851396,-0.347,-3.456,-0.800,
30,185.72,3.324,16,185.90,-13.97,851396,-0.321,-3.210,-0.803,
31,185.71,3.080,8,185.90,-14.98,851396,-0.296,-2.961,-0.796,
28,185.75,3.852,5,185.90,-11.96,851396,-0.377,-3.749,-0.798,
29,185.73,3.564,5,185.90,-12.97,851396,-0.347,-3.456,-0.800,
30,185.72,3.324,16,185.90,-13.97,851396,-0.321,-3.210,-0.803,
31,185.71,3.080,8,185.90,-14.98,851396,-0.296,-2.961,-0.796,
28,185.93,3.852,5,186.08,-11.96,851596,-0.389,-3.748,-0.798,
29,185.91,3.548,5,186.08,-12.97,851596,-0.356,-3.439,-0.796,
30,185.90,3.328,32,186.08,-13.97,851596,-0.332,-3.212,-0.804,
31,185.89,3.088,9,186.08,-14.98,851596,-0.306,-2.967,-0.798,
28,185.93,3.852,5,186.08,-11.96,851596,-0.389,-3.748,-0.798,
29,185.91,3.548,5,186.08,-12.97,851596,-0.356,-3.439,-0.796,
30,185.90,3.328,32,186.08,-13.97,851596,-0.332,-3.212,-0.804,
31,185.89,3.088,9,186.08,-14.98,851596,-0.306,-2.967,-0.798,
28,186.11,3.856,4,186.26,-11.96,851596,-0.401,-3.751,-0.799,
29,186.09,3.552,5,186.26,-12.97,851596,-0.367,-3.442,-0.797,
30,186.08,3.328,44,186.26,-13.97,851596,-0.342,-3.211,-0.804,
31,186.07,3.092,8,186.26,-14.98,851596,-0.315,-2.970,-0.799,
28,186.11,3.856,4,186.26,-11.96,851596,-0.401,-3.751,-0.799,
29,186.09,3.552,5,186.26,-12.97,851596,-0.367,-3.442,-0.797,
30,186.08,3.328,44,186.26,-13.97,851596,-0.342,-3.211,-0.804,
31,186.07,3.092,8,186.26,-14.98,851596,-0.315,-2.970,-0.799,
28,186.29,3.860,4,186.44,-11.96,851596,-0.413,-3.754,-0.800,
29,186.27,3.524,7,186.44,-12.97,851596,-0.375,-3.414,-0.791,
30,186.26,3.328,50,186.44,-13.97,851596,-0.352,-3.210,-0.804,
31,186.25,3.088,8,186.44,-14.98,851596,-0.324,-2.965,-0.798,
28,186.29,3.860,4,186.44,-11.96,851596,-0.413,-3.754,-0.800,
29,186.27,3.524,7,186.44,-12.97,851596,-0.375,-3.414,-0.791,
30,186.26,3.328,50,186.44,-13.97,851596,-0.352,-3.210,-0.804,
31,186.25,3.088,8,186.44,-14.98,851596,-0.324,-2.965,-0.798,
28,186.47,3.804,4,186.62,-11.96,851596,-0.419,-3.698,-0.788,
29,186.45,3.500,10,186.62,-12.97,851596,-0.383,-3.389,-0.785,
30,186.44,3.328,51,186.62,-13.97,851596,-0.362,-3.209,-0.804,
31,186.43,3.084,8,186.62,-14.98,851596,-0.333,-2.960,-0.797,
28,186.47,3.804,4,186.62,-11.96,851596,-0.419,-3.698,-0.788,
29,186.45,3.500,10,186.62,-12.97,851596,-0.383,-3.389,-0.785,
30,186.44,3.328,51,186.62,-13.97,851596,-0.362,-3.209,-0.804,
31,186.43,3.084,8,186.62,-14.98,851596,-0.333,-2.960,-0.797,
28,186.65,3.756,4,186.80,-11.96,851796,-0.425,-3.650,-0.778,
29,186.63,3.456,6,186.80,-12.97,851796,-0.389,-3.345,-0.775,
30,186.62,3.320,54,186.80,-13.97,851796,-0.371,-3.200,-0.802,
31,186.61,3.088,10,186.80,-14.98,851796,-0.343,-2.963,-0.798,
28,186.65,3.756,4,186.80,-11.96,851796,-0.425,-3.650,-0.778,
29,186.63,3.456,6,186.80,-12.97,851796,-0.389,-3.345,-0.775,
30,186.62,3.320,54,186.80,-13.97,851796,-0.371,-3.200,-0.802,
31,186.61,3.088,10,186.80,-14.98,851796,-0.343,-2.963,-0.798,
28,186.83,3.700,3,186.98,-11.96,851796,-0.430,-3.594,-0.767,
29,186.81,3.416,6,186.98,-12.97,851796,-0.395,-3.305,-0.767,
30,186.80,3.320,57,186.98,-13.97,851796,-0.381,-3.199,-0.802,
31,186.79,3.092,9,186.98,-14.98,851796,-0.353,-2.966,-0.799,
26,186.85,3.332,0,186.98,-9.96,851796,-0.391,-3.258,-0.577,
28,186.83,3.700,3,186.98,-11.96,851796,-0.430,-3.594,-0.767,
29,186.81,3.416,6,186.98,-12.97,851796,-0.395,-3.305,-0.767,
30,186.80,3.320,57,186.98,-13.97,851796,-0.381,-3.199,-0.802,
31,186.79,3.092,9,186.98,-14.98,851796,-0.353,-2.966,-0.799,
28,187.01,3.540,2,187.16,-11.96,851796,-0.422,-3.437,-0.734,
29,186.99,3.376,11,187.16,-12.97,851796,-0.400,-3.265,-0.758,
30,186.98,3.312,59,187.16,-13.97,851796,-0.391,-3.190,-0.800,
31,186.97,3.100,9,187.16,-14.98,851796,-0.363,-2.973,-0.802,
25,187.04,3.328,0,187.16,-8.96,851796,-0.402,-3.263,-0.519,
26,187.03,3.320,0,187.16,-9.96,851796,-0.400,-3.245,-0.574,
28,187.01,3.540,2,187.16,-11.96,851796,-0.422,-3.437,-0.734,
29,186.99,3.376,11,187.16,-12.97,851796,-0.400,-3.265,-0.758,
30,186.98,3.312,59,187.16,-13.97,851796,-0.391,-3.190,-0.800,
31,186.97,3.100,9,187.16,-14.98,851796,-0.363,-2.973,-0.802,
28,187.19,3.360,11,187.34,-11.96,851796,-0.411,-3.261,-0.696,
29,187.17,3.348,44,187.34,-12.97,851796,-0.407,-3.237,-0.751,
30,187.16,3.308,62,187.34,-13.97,851796,-0.400,-3.185,-0.799,
31,187.15,3.088,9,187.34,-14.98,851796,-0.371,-2.960,-0.798,
25,187.22,3.320,0,187.34,-8.96,851796,-0.412,-3.254,-0.517,
26,187.21,3.320,0,187.34,-9.96,851796,-0.410,-3.244,-0.574,
28,187.19,3.360,11,187.34,-11.96,851796,-0.411,-3.261,-0.696,
29,187.17,3.348,44,187.34,-12.97,851796,-0.407,-3.237,-0.751,
30,187.16,3.308,62,187.34,-13.97,851796,-0.400,-3.185,-0.799,
31,187.15,3.088,9,187.34,-14.98,851796,-0.371,-2.960,-0.798,
26,187.39,3.316,18,187.52,-9.96,851996,-0.420,-3.239,-0.574,
27,187.38,3.324,0,187.52,-10.96,851996,-0.419,-3.236,-0.632,
28,187.37,3.328,53,187.52,-11.96,851996,-0.417,-3.229,-0.690,
29,187.35,3.336,53,187.52,-12.97,851996,-0.416,-3.224,-0.749,
30,187.34,3.300,63,187.52,-13.97,851996,-0.409,-3.176,-0.797,
31,187.33,3.096,9,187.52,-14.98,851996,-0.381,-2.966,-0.801,
25,187.40,3.308,2,187.52,-8.96,851996,-0.420,-3.240,-0.515,
26,187.39,3.316,18,187.52,-9.96,851996,-0.420,-3.239,-0.574,
27,187.38,3.324,0,187.52,-10.96,851996,-0.419,-3.236,-0.632,
28,187.37,3.328,53,187.52,-11.96,851996,-0.417,-3.229,-0.690,
29,187.35,3.336,53,187.52,-12.97,851996,-0.416,-3.224,-0.749,
30,187.34,3.300,63,187.52,-13.97,851996,-0.409,-3.176,-0.797,
31,187.33,3.096,9,187.52,-14.98,851996,-0.381,-2.966,-0.801,
26,187.57,3.336,24,187.70,-9.96,851996,-0.432,-3.257,-0.577,
28,187.55,3.324,53,187.70,-11.96,851996,-0.427,-3.224,-0.689,
29,187.53,3.336,52,187.70,-12.97,851996,-0.426,-3.223,-0.749,
30,187.52,3.300,64,187.70,-13.97,851996,-0.419,-3.175,-0.797,
31,187.51,3.096,9,187.70,-14.98,851996,-0.390,-2.965,-0.801,
26,187.57,3.336,24,187.70,-9.96,851996,-0.432,-3.257,-0.577,
28,187.55,3.324,53,187.70,-11.96,851996,-0.427,-3.224,-0.689,
29,187.53,3.336,52,187.70,-12.97,851996,-0.426,-3.223,-0.749,
30,187.52,3.300,64,187.70,-13.97,851996,-0.419,-3.175,-0.797,
31,187.51,3.096,9,187.70,-14.98,851996,-0.390,-2.965,-0.801,
26,187.75,3.328,51,187.88,-9.96,851996,-0.441,-3.248,-0.576,
27,187.74,3.284,0,187.88,-10.96,851996,-0.434,-3.195,-0.625,
28,187.73,3.324,55,187.88,-11.96,851996,-0.437,-3.222,-0.689,
29,187.71,3.320,53,187.88,-12.97,851996,-0.434,-3.206,-0.745,
30,187.70,3.296,66,187.88,-13.97,851996,-0.429,-3.170,-0.796,
31,187.69,3.096,9,187.88,-14.98,851996,-0.400,-2.964,-0.801,
26,187.75,3.328,51,187.88,-9.96,851996,-0.441,-3.248,-0.576,
27,187.74,3.284,0,187.88,-10.96,851996,-0.434,-3.195,-0.625,
28,187.73,3.324,55,187.88,-11.96,851996,-0.437,-3.222,-0.689,
29,187.71,3.320,53,187.88,-12.97,851996,-0.434,-3.206,-0.745,
30,187.70,3.296,66,187.88,-13.97,851996,-0.429,-3.170,-0.796,
31,187.69,3.096,9,187.88,-14.98,851996,-0.400,-2.964,-0.801,
26,187.93,3.324,55,188.06,-9.96,851996,-0.451,-3.243,-0.575,
27,187.92,3.308,0,188.06,-10.96,851996,-0.447,-3.217,-0.629,
28,187.91,3.320,58,188.06,-11.96,851996,-0.446,-3.217,-0.688,
29,187.89,3.320,57,188.06,-12.97,851996,-0.444,-3.205,-0.745,
30,187.88,3.296,68,188.06,-13.97,851996,-0.439,-3.168,-0.796,
31,187.87,3.096,9,188.06,-14.98,851996,-0.409,-2.963,-0.801,
26,187.93,3.324,55,188.06,-9.96,851996,-0.451,-3.243,-0.575,
27,187.92,3.308,0,188.06,-10.96,851996,-0.447,-3.217,-0.629,
28,187.91,3.320,58,188.06,-11.96,851996,-0.446,-3.217,-0.688,
29,187.89,3.320,57,188.06,-12.97,851996,-0.444,-3.205,-0.745,
30,187.88,3.296,68,188.06,-13.97,851996,-0.439,-3.168,-0.796,
31,187.87,3.096,9,188.06,-14.98,851996,-0.409,-2.963,-0.801,
26,188.11,3.312,67,188.24,-9.96,852196,-0.460,-3.230,-0.573,
27,188.10,3.296,1,188.24,-10.96,852196,-0.455,-3.204,-0.627,
28,188.09,3.312,74,188.24,-11.96,852196,-0.455,-3.208,-0.686,
29,188.07,3.312,74,188.24,-12.97,852196,-0.453,-3.196,-0.743,
30,188.06,3.292,70,188.24,-13.97,852196,-0.448,-3.163,-0.795,
31,188.05,3.100,9,188.24,-14.98,852196,-0.419,-2.965,-0.802,
26,188.11,3.312,67,188.24,-9.96,852196,-0.460,-3.230,-0.573,
27,188.10,3.296,1,188.24,-10.96,852196,-0.455,-3.204,-0.627,
28,188.09,3.312,74,188.24,-11.96,852196,-0.455,-3.208,-0.686,
29,188.07,3.312,74,188.24,-12.97,852196,-0.453,-3.196,-0.743,
30,188.06,3.292,70,188.24,-13.97,852196,-0.448,-3.163,-0.795,
31,188.05,3.100,9,188.24,-14.98,852196,-0.419,-2.965,-0.802,
25,188.30,3.308,67,188.42,-8.96,852196,-0.471,-3.233,-0.515,
26,188.29,3.304,96,188.42,-9.96,852196,-0.469,-3.220,-0.572,
27,188.28,3.300,6,188.42,-10.96,852196,-0.466,-3.206,-0.628,
28,188.27,3.304,122,188.42,-11.96,852196,-0.464,-3.199,-0.685,
29,188.25,3.312,87,188.42,-12.97,852196,-0.463,-3.194,-0.743,
30,188.24,3.296,69,188.42,-13.97,852196,-0.458,-3.165,-0.796,
31,188.23,3.088,9,188.42,-14.98,852196,-0.426,-2.952,-0.798,
25,188.30,3.308,67,188.42,-8.96,852196,-0.471,-3.233,-0.515,
26,188.29,3.304,96,188.42,-9.96,852196,-0.469,-3.220,-0.572,
27,188.28,3.300,6,188.42,-10.96,852196,-0.466,-3.206,-0.628,
28,188.27,3.304,122,188.42,-11.96,852196,-0.464,-3.199,-0.685,
29,188.25,3.312,87,188.42,-12.97,852196,-0.463,-3.194,-0.743,
30,188.24,3.296,69,188.42,-13.97,852196,-0.458,-3.165,-0.796,
31,188.23,3.088,9,188.42,-14.98,852196,-0.426,-2.952,-0.798,
26,188.47,3.308,45,188.60,-9.96,852196,-0.479,-3.223,-0.572,
27,188.46,3.308,1,188.60,-10.96,852196,-0.477,-3.212,-0.629,
28,188.45,3.320,65,188.60,-11.96,852196,-0.477,-3.213,-0.688,
29,188.43,3.312,62,188.60,-12.97,852196,-0.473,-3.193,-0.743,
30,188.42,3.292,65,188.60,-13.97,852196,-0.468,-3.160,-0.795,
31,188.41,3.092,8,188.60,-14.98,852196,-0.436,-2.955,-0.799,
26,188.47,3.308,45,188.60,-9.96,852196,-0.479,-3.223,-0.572,
27,188.46,3.308,1,188.60,-10.96,852196,-0.477,-3.212,-0.629,
28,188.45,3.320,65,188.60,-11.96,852196,-0.477,-3.213,-0.688,
29,188.43,3.312,62,188.60,-12.97,852196,-0.473,-3.193,-0.743,
30,188.42,3.292,65,188.60,-13.97,852196,-0.468,-3.160,-0.795,
31,188.41,3.092,8,188.60,-14.98,852196,-0.436,-2.955,-0.799,
26,188.65,3.320,24,188.78,-9.96,852196,-0.491,-3.233,-0.574,
27,188.64,3.308,0,188.78,-10.96,852196,-0.487,-3.211,-0.629,
28,188.63,3.320,52,188.78,-11.96,852196,-0.487,-3.211,-0.688,
29,188.61,3.336,53,188.78,-12.97,852196,-0.487,-3.214,-0.749,
30,188.60,3.300,64,188.78,-13.97,852196,-0.479,-3.166,-0.797,
31,188.59,3.088,9,188.78,-14.98,852196,-0.445,-2.950,-0.798,
26,188.65,3.320,24,188.78,-9.96,852196,-0.491,-3.233,-0.574,
27,188.64,3.308,0,188.78,-10.96,852196,-0.487,-3.211,-0.629,
28,188.63,3.320,52,188.78,-11.96,852196,-0.487,-3.211,-0.688,
29,188.61,3.336,53,188.78,-12.97,852196,-0.487,-3.214,-0.749,
30,188.60,3.300,64,188.78,-13.97,852196,-0.479,-3.166,-0.797,
31,188.59,3.088,9,188.78,-14.98,852196,-0.445,-2.950,-0.798,
28,188.81,3.328,46,188.96,-11.96,852396,-0.498,-3.217,-0.690,
29,188.79,3.332,49,188.96,-12.97,852396,-0.496,-3.209,-0.748,
30,188.78,3.300,62,188.96,-13.97,852396,-0.489,-3.165,-0.797,
31,188.77,3.092,9,188.96,-14.98,852396,-0.455,-2.952,-0.799,
26,188.83,3.324,6,188.96,-9.96,852396,-0.502,-3.235,-0.575,
28,188.81,3.328,46,188.96,-11.96,852396,-0.498,-3.217,-0.690,
29,188.79,3.332,49,188.96,-12.97,852396,-0.496,-3.209,-0.748,
30,188.78,3.300,62,188.96,-13.97,852396,-0.489,-3.165,-0.797,
31,188.77,3.092,9,188.96,-14.98,852396,-0.455,-2.952,-0.799,
28,188.99,3.332,25,189.14,-11.96,852396,-0.509,-3.220,-0.691,
29,188.97,3.344,42,189.14,-12.97,852396,-0.508,-3.219,-0.750,
30,188.96,3.308,59,189.14,-13.97,852396,-0.500,-3.171,-0.799,
31,188.95,3.084,9,189.14,-14.98,852396,-0.463,-2.943,-0.797,
28,188.99,3.332,25,189.14,-11.96,852396,-0.509,-3.220,-0.691,
29,188.97,3.344,42,189.14,-12.97,852396,-0.508,-3.219,-0.750,
30,188.96,3.308,59,189.14,-13.97,852396,-0.500,-3.171,-0.799,
31,188.95,3.084,9,189.14,-14.98,852396,-0.463,-2.943,-0.797,
28,189.17,3.352,8,189.32,-11.96,852396,-0.522,-3.237,-0.695,
29,189.15,3.348,30,189.32,-12.97,852396,-0.519,-3.221,-0.751,
30,189.14,3.312,54,189.32,-13.97,852396,-0.511,-3.173,-0.800,
31,189.13,3.088,9,189.32,-14.98,852396,-0.473,-2.945,-0.798,
28,189.17,3.352,8,189.32,-11.96,852396,-0.522,-3.237,-0.695,
29,189.15,3.348,30,189.32,-12.97,852396,-0.519,-3.221,-0.751,
30,189.14,3.312,54,189.32,-13.97,852396,-0.511,-3.173,-0.800,
31,189.13,3.088,9,189.32,-14.98,852396,-0.473,-2.945,-0.798,
28,189.35,3.668,1,189.50,-11.96,852396,-0.582,-3.541,-0.760,
29,189.33,3.384,16,189.50,-12.97,852396,-0.535,-3.254,-0.759,
30,189.32,3.316,47,189.50,-13.97,852396,-0.521,-3.175,-0.801,
31,189.31,3.072,8,189.50,-14.98,852396,-0.480,-2.929,-0.794,
28,189.35,3.668,1,189.50,-11.96,852396,-0.582,-3.541,-0.760,
29,189.33,3.384,16,189.50,-12.97,852396,-0.535,-3.254,-0.759,
30,189.32,3.316,47,189.50,-13.97,852396,-0.521,-3.175,-0.801,
31,189.31,3.072,8,189.50,-14.98,852396,-0.480,-2.929,-0.794,
28,189.53,3.832,5,189.68,-11.96,852596,-0.620,-3.697,-0.794,
29,189.51,3.432,5,189.68,-12.97,852596,-0.553,-3.299,-0.770,
30,189.50,3.308,38,189.68,-13.97,852596,-0.530,-3.166,-0.799,
31,189.49,3.084,9,189.68,-14.98,852596,-0.491,-2.938,-0.797,
28,189.53,3.832,5,189.68,-11.96,852596,-0.620,-3.697,-0.794,
29,189.51,3.432,5,189.68,-12.97,852596,-0.553,-3.299,-0.770,
30,189.50,3.308,38,189.68,-13.97,852596,-0.530,-3.166,-0.799,
31,189.49,3.084,9,189.68,-14.98,852596,-0.491,-2.938,-0.797,
29,189.69,3.456,4,189.86,-12.97,852596,-0.567,-3.320,-0.775,
30,189.68,3.312,31,189.86,-13.97,852596,-0.540,-3.168,-0.800,
31,189.67,3.080,9,189.86,-14.98,852596,-0.499,-2.933,-0.796,
28,189.71,3.848,4,189.86,-11.96,852596,-0.634,-3.711,-0.798,
29,189.69,3.456,4,189.86,-12.97,852596,-0.567,-3.320,-0.775,
30,189.68,3.312,31,189.86,-13.97,852596,-0.540,-3.168,-0.800,
31,189.67,3.080,9,189.86,-14.98,852596,-0.499,-2.933,-0.796,
28,189.89,3.856,4,190.04,-11.96,852596,-0.647,-3.716,-0.799,
29,189.87,3.488,3,190.04,-12.97,852596,-0.583,-3.349,-0.783,
30,189.86,3.316,15,190.04,-13.97,852596,-0.551,-3.170,-0.801,
31,189.85,3.080,9,190.04,-14.98,852596,-0.508,-2.931,-0.796,
28,189.89,3.856,4,190.04,-11.96,852596,-0.647,-3.716,-0.799,
29,189.87,3.488,3,190.04,-12.97,852596,-0.583,-3.349,-0.783,
30,189.86,3.316,15,190.04,-13.97,852596,-0.551,-3.170,-0.801,
31,189.85,3.080,9,190.04,-14.98,852596,-0.508,-2.931,-0.796,
28,190.07,3.856,5,190.22,-11.96,852596,-0.659,-3.714,-0.799,
29,190.05,3.548,5,190.22,-12.97,852596,-0.603,-3.404,-0.796,
30,190.04,3.312,10,190.22,-13.97,852596,-0.560,-3.165,-0.800,
31,190.03,3.080,10,190.22,-14.98,852596,-0.518,-2.930,-0.796,
28,190.07,3.856,5,190.22,-11.96,852596,-0.659,-3.714,-0.799,
29,190.05,3.548,5,190.22,-12.97,852596,-0.603,-3.404,-0.796,
30,190.04,3.312,10,190.22,-13.97,852596,-0.560,-3.165,-0.800,
31,190.03,3.080,10,190.22,-14.98,852596,-0.518,-2.930,-0.796,
28,190.25,3.860,4,190.40,-11.96,852797,-0.671,-3.716,-0.800,
29,190.23,3.552,5,190.40,-12.97,852797,-0.615,-3.406,-0.797,
30,190.22,3.304,8,190.40,-13.97,852797,-0.569,-3.155,-0.798,
31,190.21,3.080,10,190.40,-14.98,852797,-0.527,-2.928,-0.796,
28,190.25,3.860,4,190.40,-11.96,852797,-0.671,-3.716,-0.800,
29,190.23,3.552,5,190.40,-12.97,852797,-0.615,-3.406,-0.797,
30,190.22,3.304,8,190.40,-13.97,852797,-0.569,-3.155,-0.798,
31,190.21,3.080,10,190.40,-14.98,852797,-0.527,-2.928,-0.796,
29,190.41,3.548,5,190.58,-12.97,852797,-0.625,-3.401,-0.796,
30,190.40,3.300,8,190.58,-13.97,852797,-0.578,-3.150,-0.797,
31,190.39,3.076,10,190.58,-14.98,852797,-0.535,-2.923,-0.795,
28,190.43,3.852,4,190.58,-11.96,852797,-0.682,-3.706,-0.798,
29,190.41,3.548,5,190.58,-12.97,852797,-0.625,-3.401,-0.796,
30,190.40,3.300,8,190.58,-13.97,852797,-0.578,-3.150,-0.797,
31,190.39,3.076,10,190.58,-14.98,852797,-0.535,-2.923,-0.795,
29,190.59,3.548,5,190.76,-12.97,852797,-0.635,-3.399,-0.796,
30,190.58,3.296,9,190.76,-13.97,852797,-0.587,-3.144,-0.796,
31,190.57,3.072,9,190.76,-14.98,852797,-0.544,-2.917,-0.794,
32,190.56,2.892,10,190.76,-16.00,852797,-0.509,-2.733,-0.797,
28,190.61,3.856,5,190.76,-11.96,852797,-0.694,-3.708,-0.799,
29,190.59,3.548,5,190.76,-12.97,852797,-0.635,-3.399,-0.796,
30,190.58,3.296,9,190.76,-13.97,852797,-0.587,-3.144,-0.796,
31,190.57,3.072,9,190.76,-14.98,852797,-0.544,-2.917,-0.794,
32,190.56,2.892,10,190.76,-16.00,852797,-0.509,-2.733,-0.797,
29,190.77,3.556,5,190.94,-12.97,852797,-0.648,-3.404,-0.798,
30,190.76,3.300,8,190.94,-13.97,852797,-0.598,-3.146,-0.797,
31,190.75,3.076,9,190.94,-14.98,852797,-0.554,-2.919,-0.795,
32,190.74,2.888,11,190.94,-16.00,852797,-0.517,-2.728,-0.796,
28,190.79,3.852,5,190.94,-11.96,852797,-0.705,-3.702,-0.798,
29,190.77,3.556,5,190.94,-12.97,852797,-0.648,-3.404,-0.798,
30,190.76,3.300,8,190.94,-13.97,852797,-0.598,-3.146,-0.797,
31,190.75,3.076,9,190.94,-14.98,852797,-0.554,-2.919,-0.795,
32,190.74,2.888,11,190.94,-16.00,852797,-0.517,-2.728,-0.796,
29,190.95,3.532,5,191.12,-12.97,852997,-0.654,-3.379,-0.793,
30,190.94,3.296,8,191.12,-13.97,852997,-0.607,-3.140,-0.796,
31,190.93,3.072,9,191.12,-14.98,852997,-0.562,-2.914,-0.794,
32,190.92,2.896,9,191.12,-16.00,852997,-0.527,-2.733,-0.798,
28,190.97,3.848,4,191.12,-11.96,852997,-0.716,-3.696,-0.798,
29,190.95,3.532,5,191.12,-12.97,852997,-0.654,-3.379,-0.793,
30,190.94,3.296,8,191.12,-13.97,852997,-0.607,-3.140,-0.796,
31,190.93,3.072,9,191.12,-14.98,852997,-0.562,-2.914,-0.794,
32,190.92,2.896,9,191.12,-16.00,852997,-0.527,-2.733,-0.798,
29,191.13,3.556,5,191.30,-12.97,852997,-0.669,-3.400,-0.798,
30,191.12,3.292,7,191.30,-13.97,852997,-0.616,-3.135,-0.795,
31,191.11,3.068,8,191.30,-14.98,852997,-0.571,-2.908,-0.793,
32,191.10,2.884,10,191.30,-16.00,852997,-0.533,-2.720,-0.795,
28,191.15,3.848,4,191.30,-11.96,852997,-0.727,-3.694,-0.798,
29,191.13,3.556,5,191.30,-12.97,852997,-0.669,-3.400,-0.798,
30,191.12,3.292,7,191.30,-13.97,852997,-0.616,-3.135,-0.795,
31,191.11,3.068,8,191.30,-14.98,852997,-0.571,-2.908,-0.793,
32,191.10,2.884,10,191.30,-16.00,852997,-0.533,-2.720,-0.795,
29,191.31,3.548,5,191.48,-12.97,852997,-0.678,-3.390,-0.796,
30,191.30,3.292,8,191.48,-13.97,852997,-0.626,-3.133,-0.795,
31,191.29,3.076,9,191.48,-14.98,852997,-0.581,-2.914,-0.795,
32,191.28,2.884,9,191.48,-16.00,852997,-0.542,-2.719,-0.795,
28,191.33,3.848,4,191.48,-11.96,852997,-0.739,-3.691,-0.798,
29,191.31,3.548,5,191.48,-12.97,852997,-0.678,-3.390,-0.796,
30,191.30,3.292,8,191.48,-13.97,852997,-0.626,-3.133,-0.795,
31,191.29,3.076,9,191.48,-14.98,852997,-0.581,-2.914,-0.795,
32,191.28,2.884,9,191.48,-16.00,852997,-0.542,-2.719,-0.795,
29,191.49,3.544,5,191.66,-12.97,852997,-0.688,-3.384,-0.795,
30,191.48,3.300,7,191.66,-13.97,852997,-0.637,-3.138,-0.797,
31,191.47,3.084,9,191.66,-14.98,852997,-0.592,-2.920,-0.797,
32,191.46,2.892,10,191.66,-16.00,852997,-0.552,-2.725,-0.797,
28,191.51,3.840,5,191.66,-11.96,852997,-0.749,-3.681,-0.796,
29,191.49,3.544,5,191.66,-12.97,852997,-0.688,-3.384,-0.795,
30,191.48,3.300,7,191.66,-13.97,852997,-0.637,-3.138,-0.797,
31,191.47,3.084,9,191.66,-14.98,852997,-0.592,-2.920,-0.797,
32,191.46,2.892,10,191.66,-16.00,852997,-0.552,-2.725,-0.797,
28,191.69,3.848,5,191.84,-11.96,853197,-0.762,-3.686,-0.798,
29,191.67,3.556,5,191.84,-12.97,853197,-0.701,-3.394,-0.798,
30,191.66,3.292,7,191.84,-13.97,853197,-0.646,-3.129,-0.795,
31,191.65,3.072,9,191.84,-14.98,853197,-0.599,-2.907,-0.794,
32,191.64,2.888,12,191.84,-16.00,853197,-0.560,-2.719,-0.796,
28,191.69,3.848,5,191.84,-11.96,853197,-0.762,-3.686,-0.798,
29,191.67,3.556,5,191.84,-12.97,853197,-0.701,-3.394,-0.798,
30,191.66,3.292,7,191.84,-13.97,853197,-0.646,-3.129,-0.795,
31,191.65,3.072,9,191.84,-14.98,853197,-0.599,-2.907,-0.794,
32,191.64,2.888,12,191.84,-16.00,853197,-0.560,-2.719,-0.796,
28,191.87,3.836,5,192.02,-11.96,853197,-0.771,-3.673,-0.795,
29,191.85,3.540,5,192.02,-12.97,853197,-0.708,-3.376,-0.794,
30,191.84,3.288,8,192.02,-13.97,853197,-0.655,-3.123,-0.794,
31,191.83,3.080,10,192.02,-14.98,853197,-0.609,-2.912,-0.796,
32,191.82,2.896,12,192.02,-16.00,853197,-0.570,-2.725,-0.798,
28,191.87,3.836,5,192.02,-11.96,853197,-0.771,-3.673,-0.795,
29,191.85,3.540,5,192.02,-12.97,853197,-0.708,-3.376,-0.794,
30,191.84,3.288,8,192.02,-13.97,853197,-0.655,-3.123,-0.794,
31,191.83,3.080,10,192.02,-14.98,853197,-0.609,-2.912,-0.796,
32,191.82,2.896,12,192.02,-16.00,853197,-0.570,-2.725,-0.798,
28,192.05,3.848,5,192.20,-11.96,853197,-0.785,-3.682,-0.798,
29,192.03,3.540,5,192.20,-12.97,853197,-0.719,-3.374,-0.794,
30,192.02,3.292,8,192.20,-13.97,853197,-0.665,-3.125,-0.795,
31,192.01,3.076,9,192.20,-14.98,853197,-0.618,-2.906,-0.795,
32,192.00,2.892,12,192.20,-16.00,853197,-0.578,-2.719,-0.797,
28,192.05,3.848,5,192.20,-11.96,853197,-0.785,-3.682,-0.798,
29,192.03,3.540,5,192.20,-12.97,853197,-0.719,-3.374,-0.794,
30,192.02,3.292,8,192.20,-13.97,853197,-0.665,-3.125,-0.795,
31,192.01,3.076,9,192.20,-14.98,853197,-0.618,-2.906,-0.795,
32,192.00,2.892,12,192.20,-16.00,853197,-0.578,-2.719,-0.797,
28,192.23,3.848,5,192.38,-11.96,853197,-0.797,-3.679,-0.798,
29,192.21,3.548,5,192.38,-12.97,853197,-0.731,-3.379,-0.796,
30,192.20,3.296,8,192.38,-13.97,853197,-0.676,-3.126,-0.796,
31,192.19,3.076,10,192.38,-14.98,853197,-0.627,-2.905,-0.795,
32,192.18,2.892,11,192.38,-16.00,853197,-0.586,-2.717,-0.797,
28,192.23,3.848,5,192.38,-11.96,853197,-0.797,-3.679,-0.798,
29,192.21,3.548,5,192.38,-12.97,853197,-0.731,-3.379,-0.796,
30,192.20,3.296,8,192.38,-13.97,853197,-0.676,-3.126,-0.796,
31,192.19,3.076,10,192.38,-14.98,853197,-0.627,-2.905,-0.795,
32,192.18,2.892,11,192.38,-16.00,853197,-0.586,-2.717,-0.797,
28,192.41,3.840,4,192.56,-11.96,853397,-0.807,-3.669,-0.796,
29,192.39,3.544,5,192.56,-12.97,853397,-0.741,-3.373,-0.795,
30,192.38,3.284,8,192.56,-13.97,853397,-0.683,-3.113,-0.793,
31,192.37,3.072,9,192.56,-14.98,853397,-0.635,-2.899,-0.794,
28,192.41,3.840,4,192.56,-11.96,853397,-0.807,-3.669,-0.796,
29,192.39,3.544,5,192.56,-12.97,853397,-0.741,-3.373,-0.795,
30,192.38,3.284,8,192.56,-13.97,853397,-0.683,-3.113,-0.793,
31,192.37,3.072,9,192.56,-14.98,853397,-0.635,-2.899,-0.794,
28,192.59,3.848,4,192.74,-11.96,853397,-0.820,-3.674,-0.798,
29,192.57,3.544,5,192.74,-12.97,853397,-0.752,-3.371,-0.795,
30,192.56,3.296,8,192.74,-13.97,853397,-0.696,-3.122,-0.796,
31,192.55,3.068,9,192.74,-14.98,853397,-0.643,-2.893,-0.793,
28,192.59,3.848,4,192.74,-11.96,853397,-0.820,-3.674,-0.798,
29,192.57,3.544,5,192.74,-12.97,853397,-0.752,-3.371,-0.795,
30,192.56,3.296,8,192.74,-13.97,853397,-0.696,-3.122,-0.796,
31,192.55,3.068,9,192.74,-14.98,853397,-0.643,-2.893,-0.793,
28,192.77,3.844,4,192.92,-11.96,853397,-0.831,-3.668,-0.797,
29,192.75,3.536,5,192.92,-12.97,853397,-0.760,-3.361,-0.793,
30,192.74,3.292,7,192.92,-13.97,853397,-0.704,-3.116,-0.795,
28,192.77,3.844,4,192.92,-11.96,853397,-0.831,-3.668,-0.797,
29,192.75,3.536,5,192.92,-12.97,853397,-0.760,-3.361,-0.793,
30,192.74,3.292,7,192.92,-13.97,853397,-0.704,-3.116,-0.795,
28,192.95,3.828,4,193.10,-11.96,853397,-0.839,-3.650,-0.793,
29,192.93,3.536,5,193.10,-12.97,853397,-0.771,-3.358,-0.793,
30,192.92,3.292,8,193.10,-13.97,853397,-0.714,-3.114,-0.795,
28,192.95,3.828,4,193.10,-11.96,853397,-0.839,-3.650,-0.793,
29,192.93,3.536,5,193.10,-12.97,853397,-0.771,-3.358,-0.793,
30,192.92,3.292,8,193.10,-13.97,853397,-0.714,-3.114,-0.795,
28,193.13,3.836,4,193.28,-11.96,853597,-0.852,-3.655,-0.795,
29,193.11,3.540,6,193.28,-12.97,853597,-0.782,-3.360,-0.794,
30,193.10,3.292,8,193.28,-13.97,853597,-0.724,-3.111,-0.795,
28,193.13,3.836,4,193.28,-11.96,853597,-0.852,-3.655,-0.795,
29,193.11,3.540,6,193.28,-12.97,853597,-0.782,-3.360,-0.794,
30,193.10,3.292,8,193.28,-13.97,853597,-0.724,-3.111,-0.795,
28,193.31,3.848,4,193.46,-11.96,853597,-0.866,-3.663,-0.798,
29,193.29,3.544,6,193.46,-12.97,853597,-0.794,-3.361,-0.795,
28,193.31,3.848,4,193.46,-11.96,853597,-0.866,-3.663,-0.798,
29,193.29,3.544,6,193.46,-12.97,853597,-0.794,-3.361,-0.795,
28,193.49,3.836,5,193.64,-11.96,853597,-0.875,-3.649,-0.795,
29,193.47,3.536,5,193.64,-12.97,853597,-0.803,-3.351,-0.793,
28,193.49,3.836,5,193.64,-11.96,853597,-0.875,-3.649,-0.795,
29,193.47,3.536,5,193.64,-12.97,853597,-0.803,-3.351,-0.793,
28,193.67,3.832,5,193.82,-11.96,853597,-0.885,-3.643,-0.794,
28,193.67,3.832,5,193.82,-11.96,853597,-0.885,-3.643,-0.794,
28,193.85,3.848,5,194.00,-11.96,853797,-0.900,-3.655,-0.798,
28,193.85,3.848,5,194.00,-11.96,853797,-0.900,-3.655,-0.798,
